codigo,provincia_codigo,nombre,canton,parroquia,busqueda,fuente,activo
ADM-d5789dad-f31a-596e-b476-251e0854ddfe,22,"Parque Nacional Yasuní, Onkonegare",FRANCISCO DE ORELLANA,ALEJANDRO LABAKA,parque nacional yasuni onkonegare orellana alejandro labaka,Excel Colección Principal 25-sep-2026; alta por curación,True
ADM-88ac92da-080e-5c3c-a4e1-c188fc6f4105,22,"Parque Nacional Yasuní, Afluente Río Rumiyacu, Bloque 31 (Petrobras), Localidad 1 (ex Apaika 2), Cononaco",AGUARICO,CONONACO,parque nacional yasuni afluente rio rumiyacu bloque 31 petrobras localidad 1 ex apaika 2 cononaco aguarico cononaco,Excel Colección Principal 25-sep-2026; alta por curación,True
ADM-818f673f-b855-507b-bac9-a6f3650873e0,22,"Parque Nacional Yasuní, Estación de Biodiversidad Tiputini",Orellana,,parque nacional yasuni estacion de biodiversidad tiputini orellana,Excel Colección Principal 25-sep-2026; alta por curación,True
ADM-39c7118c-02a7-5bb3-8329-6f736c5e50ce,13,"Reserva ECológica Mache Chindul, Estación Biológica Bilsa, Cojimíes",PEDERNALES,COJIMÍES,reserva ecologica mache chindul estacion biologica bilsa cojimies pedernales cojimies,Excel Colección Principal 25-sep-2026; alta por curación,True
ADM-1a26c273-4859-5ea9-ad81-181f2fa3691b,22,"Parque Nacional Yasuní, Afluente río Pindoyacu, Bloque 31 (Petrobras), Localidad 2, Cononaco",AGUARICO,CAPITÁN AUGUSTO RIVADENEYRA,parque nacional yasuni afluente rio pindoyacu bloque 31 petrobras localidad 2 cononaco aguarico capitan augusto rivadeneyra,Excel Colección Principal 25-sep-2026; alta por curación,True
ADM-6354197c-d14d-5f1b-91d2-083df93fc47a,15,"Cosanga, Vía Hollín-Loreto, Hatun Sumaku",ARCHIDONA,HATUN SUMAKU (CAB. EN DIEZ DE AGOSTO),cosanga via hollin loreto hatun sumaku archidona hatun sumaku cab en diez de agosto,Excel Colección Principal 25-sep-2026; alta por curación,True
ADM-8a852171-ae54-5be3-bb51-9269f6aeb93f,22,"Parque Nacional Yasuní, Apaika, Bloque 31 (Petrobras), (ex Apaika 1), Cononaco",AGUARICO,CONONACO,parque nacional yasuni apaika bloque 31 petrobras ex apaika 1 cononaco aguarico cononaco,Excel Colección Principal 25-sep-2026; alta por curación,True
ADM-d1666174-6c7b-506b-8557-4cbab47957d7,21,"El Arenal, Vía Lumbaqui-La Troncal",,,el arenal via lumbaqui la troncal,Excel Colección Principal 25-sep-2026; alta por curación,True
ADM-56f626f0-1c73-5db4-9d0b-f8fac568295e,21,"Reserva de Producción Faunística Cuyabeno, Trocha Zábalo-Güepi (Km 10)",SHUSHUFINDI,PAÑACOCHA,reserva de produccion faunistica cuyabeno trocha zabalo guepi km 10 cuyabeno panacocha,Excel Colección Principal 25-sep-2026; alta por curación,True
ADM-91b00e68-eba5-585d-aa26-1d5c6289c5ab,15,"Vía a Baeza, Cerca al río Chalpichico",QUIJOS,PAPALLACTA,via a baeza cerca al rio chalpichico baeza papallacta,Excel Colección Principal 25-sep-2026; alta por curación,True
ADM-bb099082-d7e2-527a-b1f7-87d127ec566e,22,"Parque Nacional Yasuní, Tallos de Yucas",,,parque nacional yasuni tallos de yucas,Excel Colección Principal 25-sep-2026; alta por curación,True
ADM-be787588-e134-5bc5-bd2f-807b903aaa38,13,"Reserva ECológica Mache Chindul, Reserva Biológica Bilsa, Cojimíes",PEDERNALES,COJIMÍES,reserva ecologica mache chindul reserva biologica bilsa cojimies pedernales cojimies,Excel Colección Principal 25-sep-2026; alta por curación,True
ADM-3743fd4f-365d-574a-9ae3-383dc5cd4785,15,"Parque Nacional Yasuní, 1 Km al Este de Campococha",,,parque nacional yasuni 1 km al este de campococha,Excel Colección Principal 25-sep-2026; alta por curación,True
ADM-2cddd4b1-b820-55d1-8c69-5ab105e3e9d5,21,"Parque Nacional Yasuní, Bloque 11, vía pozo Diamante",,,parque nacional yasuni bloque 11 via pozo diamante,Excel Colección Principal 25-sep-2026; alta por curación,True
ADM-125c203f-678f-530e-abb2-547513438f5e,15,"Cosanga, Sierra Azul, Valle Hermoso, Vía al Tena, Cotundo",ARCHIDONA,COTUNDO,cosanga sierra azul valle hermoso via al tena cotundo archidona cotundo,Excel Colección Principal 25-sep-2026; alta por curación,True
ADM-6e7051db-a194-53eb-a591-3f52f902b202,22,"Parque Nacional Yasuní, Parque Nacional Yasuní, Estación Científica Yasuní",FRANCISCO DE ORELLANA,ALEJANDRO LABAKA,parque nacional yasuni parque nacional yasuni estacion cientifica yasuni orellana alejandro labaka,Excel Colección Principal 25-sep-2026; alta por curación,True
ADM-21d2649a-10b7-5535-bb8e-3690ff75e4bc,22,Parque Nacional Yasuní,,,parque nacional yasuni,Excel Colección Principal 25-sep-2026; alta por curación,True
ADM-00063cc5-b04c-563f-9ebf-6659d7724e6e,22,"Parque Nacional Yasuní, Guiyero, Laguna Azul 2",FRANCISCO DE ORELLANA,ALEJANDRO LABAKA,parque nacional yasuni guiyero laguna azul 2 orellana alejandro labaka,Excel Colección Principal 25-sep-2026; alta por curación,True
ADM-f60abc69-fbbd-57f5-9083-0c60f0a11088,21,"Bloque 11, Vía al pozo Diamante, Lumbaqui",GONZALO PIZARRO,LUMBAQUÍ,bloque 11 via al pozo diamante lumbaqui gonzalo pizarro lumbaqui,Excel Colección Principal 25-sep-2026; alta por curación,True
ADM-57c4f335-4526-54ea-80f4-cf8fe8f6d761,21,"San Pedro, Vía San Pedro",,,san pedro via san pedro,Excel Colección Principal 25-sep-2026; alta por curación,True
ADM-41270d6f-5c1e-5077-b501-0f8558f87259,21,"El Reventador, sendero El Volcán",GONZALO PIZARRO,EL REVENTADOR,el reventador sendero el volcan el reventador,Excel Colección Principal 25-sep-2026; alta por curación,True
ADM-d0e006d0-d953-5994-937c-78603739fcda,15,"Campococha, 1 Km al Este de Campococha",,,campococha 1 km al este de campococha,Excel Colección Principal 25-sep-2026; alta por curación,True
ADM-352b8a28-9212-5bb0-8e94-d543f1bd90a2,21,Reserva ECológica Cofán Bermejo,CASCALES,EL DORADO DE CASCALES,reserva ecologica cofan bermejo el dorado de cascales,Excel Colección Principal 25-sep-2026; alta por curación,True
ADM-0d594ab0-22fe-5417-a501-6ef09cc32ecc,17,"Mindo, Guarumos, Base cerro El Castillo",DISTRITO METROPOLITANO DE QUITO,NONO,mindo guarumos base cerro el castillo nono,Excel Colección Principal 25-sep-2026; alta por curación,True
ADM-02773474-2bed-5681-a201-9fe7080f2674,21,"El Reventador volcano, Azuela, 7.5 km SW El reventador town",GONZALO PIZARRO,EL REVENTADOR,el reventador volcano azuela 7 5 km sw el reventador town gonzalo pizarro el reventador,Excel Colección Principal 25-sep-2026; alta por curación,True
ADM-0326e10e-d27c-5cc2-8b07-4aa770fb2495,21,"Río Reventador, foothills of El Reventador volcano",GONZALO PIZARRO,EL REVENTADOR,rio reventador foothills of el reventador volcano gonzalo pizarro el reventador,Excel Colección Principal 25-sep-2026; alta por curación,True
ADM-49760ce2-192d-518b-94a9-3f20cd12c2dc,21,"Lumbaqui, Bosque de la quebrada Puchuchoa,",GONZALO PIZARRO,LUMBAQUÍ,lumbaqui bosque de la quebrada puchuchoa lumbaqui,Excel Colección Principal 25-sep-2026; alta por curación,True
ADM-c47ff3bc-6f4a-5a14-ba96-e4c002523c04,21,"Bosque de neblina montano, Bosque de la quebrada Puchuchoa",GONZALO PIZARRO,LUMBAQUÍ,bosque de neblina montano bosque de la quebrada puchuchoa lumbaqui,Excel Colección Principal 25-sep-2026; alta por curación,True
ADM-09432026-6e3a-50fb-8442-43861c7427aa,17,"Bosque Protector Milpe, Río Pachijal",SAN MIGUEL DE LOS BANCOS,SAN MIGUEL DE LOS BANCOS,bosque protector milpe rio pachijal san miguel de los bancos san miguel de los bancos,Excel Colección Principal 25-sep-2026; alta por curación,True
ADM-c082a17b-5456-541d-954c-1cd132df4df9,15,"Parque Nacional Cayambe Coca, 27 km NNE Oyacachi",EL CHACO,SANTA ROSA,parque nacional cayambe coca 27 km nne oyacachi el chaco santa rosa,Excel Colección Principal 25-sep-2026; alta por curación,True
ADM-0e8135de-b56b-5390-8ead-b8a78102dfe1,21,Lumbaqui-Río Aguarico,,,lumbaqui rio aguarico,Excel Colección Principal 25-sep-2026; alta por curación,True
ADM-e0193c23-2179-5d00-9255-fd960ee1d387,22,"Parque Nacional Yasuní, Guiyero, Laguna Waorani",FRANCISCO DE ORELLANA,ALEJANDRO LABAKA,parque nacional yasuni guiyero laguna waorani orellana alejandro labaka,Excel Colección Principal 25-sep-2026; alta por curación,True
ADM-fd5e2dbc-d9c1-57ae-a208-35ed35a6b6a4,22,"Parque Nacional Yasuní, Guiyero, comunidad 2",FRANCISCO DE ORELLANA,ALEJANDRO LABAKA,parque nacional yasuni guiyero comunidad 2 orellana alejandro labaka,Excel Colección Principal 25-sep-2026; alta por curación,True
ADM-0596a435-8cd9-5d28-9eb8-4be42f8f890d,22,"Parque Nacional Yasuní, Guiyero, ProyECto repoblación",FRANCISCO DE ORELLANA,ALEJANDRO LABAKA,parque nacional yasuni guiyero proyecto repoblacion orellana alejandro labaka,Excel Colección Principal 25-sep-2026; alta por curación,True
ADM-662cce48-89a5-5721-93d6-999a832db2f9,22,"Parque Nacional Yasuní, Reserva Etnica Waorani",,,parque nacional yasuni reserva etnica waorani,Excel Colección Principal 25-sep-2026; alta por curación,True
ADM-579ab661-b90c-5cee-b573-474ce19a9031,21,"Reserva ECológica Cofán Bermejo, El Cristal",CASCALES,EL DORADO DE CASCALES,reserva ecologica cofan bermejo el cristal cascales el dorado de cascales,Excel Colección Principal 25-sep-2026; alta por curación,True
ADM-2a666492-8420-557a-8676-9e56cd2a5067,19,"Cordillera del Cóndor, Concesión Emperador 1, Paquisha Hito 2, T2",PAQUISHA,PAQUISHA,cordillera del condor concesion emperador 1 paquisha hito 2 t2 paquisha paquisha,Excel Colección Principal 25-sep-2026; alta por curación,True
ADM-53074456-5e59-58cc-9971-bf2c942bdd2c,19,"Cordillera del Cóndor, CabECera quebrada El Salado, a 5 km de poblado Pindal",YANTZAZA,LOS ENCUENTROS,cordillera del condor cabecera quebrada el salado a 5 km de poblado pindal los encuentros,Excel Colección Principal 25-sep-2026; alta por curación,True
ADM-b5bfe60c-e88d-5d2c-a610-49b844f2954d,10,"Reserva Bosque Protector Los Cedros, Sendero Bracilargo",COTACACHI,GARCÍA MORENO,reserva bosque protector los cedros sendero bracilargo chontal garcia moreno,Excel Colección Principal 25-sep-2026; alta por curación,True
ADM-a2376d14-f1ee-5451-973b-01065af03cff,21,"Limoncocha, vía Shushufindi, río Chorrera",SHUSHUFINDI,LIMONCOCHA,limoncocha via shushufindi rio chorrera limoncocha,Excel Colección Principal 25-sep-2026; alta por curación,True
ADM-ced2aab9-5954-51ab-91a8-d5ce66ab24f4,22,"Parque Nacional Yasuní, Guiyero, Bosque de Nambay",FRANCISCO DE ORELLANA,ALEJANDRO LABAKA,parque nacional yasuni guiyero bosque de nambay orellana alejandro labaka,Excel Colección Principal 25-sep-2026; alta por curación,True
ADM-68c37f4c-cbe5-5047-ba9f-39a2e375c2cf,08,"Reserva ECológica Mache Chindul, Estación Biológica Bilsa",QUININDÉ,CUBE,reserva ecologica mache chindul estacion biologica bilsa cube,Excel Colección Principal 25-sep-2026; alta por curación,True
ADM-eebbea7d-098a-5d2d-93d9-fdde6f7c110b,15,Reserva Jatun Sacha,TENA,AHUANO,reserva jatun sacha ahuano,Excel Colección Principal 25-sep-2026; alta por curación,True
ADM-60c2d144-fcab-5265-bec9-c33253c71631,19,"Cordillera del Cóndor, Concesión Colibrí, sECtor Colibrí, empresa Kinross Aurelian",YANTZAZA,LOS ENCUENTROS,cordillera del condor concesion colibri sector colibri empresa kinross aurelian los encuentros,Excel Colección Principal 25-sep-2026; alta por curación,True
ADM-29160456-227d-5bbd-b326-03e471765c23,19,"Cordillera del Cóndor, Concesión La Zarza, sECtor Fruta del Norte",YANTZAZA,LOS ENCUENTROS,cordillera del condor concesion la zarza sector fruta del norte los encuentros,Excel Colección Principal 25-sep-2026; alta por curación,True
ADM-24c38e78-f12c-5f1f-801a-13cc74a2367d,19,"Cordillera del Cóndor, Reserva de Vida Silvestre El Zarza, sECtor San Antonio, empresa Kinross Aurelian",YANTZAZA,LOS ENCUENTROS,cordillera del condor reserva de vida silvestre el zarza sector san antonio empresa kinross aurelian los encuentros,Excel Colección Principal 25-sep-2026; alta por curación,True
ADM-58ffbaae-0bc2-52e4-b89f-8f8147284a8d,19,"Cordillera del Cóndor, Reserva de Vida Silvestre El Zarza, sECtor San Antonio, Q. sin nombre 3, Kinross Aurelian",YANTZAZA,LOS ENCUENTROS,cordillera del condor reserva de vida silvestre el zarza sector san antonio q sin nombre 3 kinross aurelian los encuentros,Excel Colección Principal 25-sep-2026; alta por curación,True
ADM-6ed6764f-e068-5f86-95e6-55b57d3dcb62,08,"Reserva ECológica Cotacachi Cayapas, Pajonal, a 4 km Sur de Gualpi, río Onzole",ELOY ALFARO,ANCHAYACU,reserva ecologica cotacachi cayapas pajonal a 4 km sur de gualpi rio onzole eloy alfaro anchayacu,Excel Colección Principal 25-sep-2026; alta por curación,True
ADM-ad5d9f0f-f59d-5a38-b108-37923a0e3d84,08,"Reserva ECológica Cotacachi Cayapas, Salto del bravo, 12 km S San Miguel",MUISNE,SAN FRANCISCO,reserva ecologica cotacachi cayapas salto del bravo 12 km s san miguel eloy alfaro san francisco,Excel Colección Principal 25-sep-2026; alta por curación,True
ADM-0f31cee2-e961-5619-ad6e-10daba26f9a9,08,"Reserva ECológica Cotacachi Cayapas, La Tabla, 7 km EES Playa de Oro",ELOY ALFARO,LUIS VARGAS TORRES (CAB. EN PLAYA DE ORO),reserva ecologica cotacachi cayapas la tabla 7 km ees playa de oro eloy alfaro luis vargas torres cab en playa de oro,Excel Colección Principal 25-sep-2026; alta por curación,True
ADM-1b781851-7c66-5b52-b177-d5e2c4600116,08,"Reserva ECológica Cotacachi Cayapas, Charco Vicente, a 5 km S San Miguel",ELOY ALFARO,TELEMBÍ,reserva ecologica cotacachi cayapas charco vicente a 5 km s san miguel eloy alfaro telembi,Excel Colección Principal 25-sep-2026; alta por curación,True
ADM-0458eda1-9f8b-54ba-99ef-e65ff7a35c73,14,"Cordillera del Cutucú, Reserva Wisui",TAISHA,MACUMA,cordillera del cutucu reserva wisui macuma,Excel Colección Principal 25-sep-2026; alta por curación,True
ADM-1f921e0f-7bf1-5fe6-9da4-c5f2b38e429e,19,"Cordillera del Cóndor, Concesión Duque, sECtor río Machinaza",YANTZAZA,LOS ENCUENTROS,cordillera del condor concesion duque sector rio machinaza los encuentros,Excel Colección Principal 25-sep-2026; alta por curación,True
ADM-a81d8fd9-973f-5a7d-93b8-1323a9722c66,19,"Cordillera del Cóndor, Concesión Duquesa",YANTZAZA,LOS ENCUENTROS,cordillera del condor concesion duquesa los encuentros,Excel Colección Principal 25-sep-2026; alta por curación,True
ADM-32fa96a7-defe-52c0-82a8-39b64724cb5c,19,"Cordillera del Cóndor, Concesión La Zarza, sECtor Zarza-Machinaza",YANTZAZA,LOS ENCUENTROS,cordillera del condor concesion la zarza sector zarza machinaza los encuentros,Excel Colección Principal 25-sep-2026; alta por curación,True
ADM-2b71395e-25c6-5176-989e-87a40b575130,19,"Cordillera del Cóndor, Concesión Colibrí, Colibrí-Goldmarca, río Machinaza",YANTZAZA,LOS ENCUENTROS,cordillera del condor concesion colibri colibri goldmarca rio machinaza yantzaza los encuentros,Excel Colección Principal 25-sep-2026; alta por curación,True
ADM-c165b781-748f-5172-ab27-e071970fe157,15,Santa Rosa,EL CHACO,SANTA ROSA,santa rosa santa rosa,Excel Colección Principal 25-sep-2026; alta por curación,True
ADM-9dbe6b3b-7c04-5839-846a-340681038bbd,15,Río Chalpichico,Baeza,,rio chalpichico baeza,Excel Colección Principal 25-sep-2026; alta por curación,True
ADM-b5f7903d-6f4e-53e7-bbd4-7c27290e664c,15,18 Km. S. Hacienda El Pano,Tena,,18 km s hacienda el pano tena,Excel Colección Principal 25-sep-2026; alta por curación,True
ADM-d6a71bc9-202f-54ca-b4e8-95ceec9e925d,17,"Valle de Guayllabamba, Jardín de los Oquendo o Caldera",PEDRO MONCAYO,MALCHINGUÍ,valle de guayllabamba jardin de los oquendo o caldera malchingui,Excel Colección Principal 25-sep-2026; alta por curación,True
ADM-d30d4e42-67a6-5eee-afb8-6838410b0d8d,10,"Valle del Chota, Ambuquí, Lavandero",IBARRA,AMBUQUÍ,valle del chota ambuqui lavandero ambuqui,Excel Colección Principal 25-sep-2026; alta por curación,True
ADM-7176daf7-e828-5d5c-9350-392c0a9d1a67,21,"Vía Lumbaqui - La Troncal, El Arenal",,,via lumbaqui la troncal el arenal,Excel Colección Principal 25-sep-2026; alta por curación,True
ADM-4a120330-bc62-56eb-8e90-bda8f08f95c6,10,"Valle del Chota, Ambuquí, Cunranga",IBARRA,AMBUQUÍ,valle del chota ambuqui cunranga ambuqui,Excel Colección Principal 25-sep-2026; alta por curación,True
ADM-111cc25a-279a-541e-ae85-446aa6e1d0a9,10,"Valle del Chota, Pablo Arenas, Cabuyal bajo",SAN MIGUEL DE URCUQUÍ,PABLO ARENAS,valle del chota pablo arenas cabuyal bajo pablo arenas,Excel Colección Principal 25-sep-2026; alta por curación,True
ADM-a0258633-6ab4-5737-8c42-9bea58791a9c,10,"Valle del Chota, Pablo Arenas, Cabuyal alto",SAN MIGUEL DE URCUQUÍ,PABLO ARENAS,valle del chota pablo arenas cabuyal alto pablo arenas,Excel Colección Principal 25-sep-2026; alta por curación,True
ADM-34c1f4f3-71a4-53cd-b5b7-7c957464e0d3,10,"Valle de Guayllabamba, Jardín de los Oquendo o Caldera",,,valle de guayllabamba jardin de los oquendo o caldera,Excel Colección Principal 25-sep-2026; alta por curación,True
ADM-b0f1c010-7bc3-55d7-beb8-49345bec5025,10,"Reserva Bosque Protector Los Cedros, Sendero Bracilargo",COTACACHI,GARCÍA MORENO,reserva bosque protector los cedros sendero bracilargo garcia moreno,Excel Colección Principal 25-sep-2026; alta por curación,True
ADM-56d95da7-3bf4-5948-bcbe-092348ec3a26,10,"Reserva Bosque Protector Los Cedros, Sendero Inca",COTACACHI,GARCÍA MORENO,reserva bosque protector los cedros sendero inca garcia moreno,Excel Colección Principal 25-sep-2026; alta por curación,True
ADM-aabdc7bf-f2a2-5272-81a8-2655819d3c92,10,"Reserva Bosque Protector Los Cedros, Sendero Oso",COTACACHI,GARCÍA MORENO,reserva bosque protector los cedros sendero oso garcia moreno,Excel Colección Principal 25-sep-2026; alta por curación,True
ADM-cd3a63a7-2d4c-5e5d-8064-ad56f64905d2,10,"Reserva Bosque Protector Los Cedros, Sendero del Río",COTACACHI,GARCÍA MORENO,reserva bosque protector los cedros sendero del rio garcia moreno,Excel Colección Principal 25-sep-2026; alta por curación,True
ADM-9f32294e-e1ed-58c3-9777-770194506c1a,10,"Reserva Bosque Protector Los Cedros, Sendero Estación",COTACACHI,GARCÍA MORENO,reserva bosque protector los cedros sendero estacion garcia moreno,Excel Colección Principal 25-sep-2026; alta por curación,True
ADM-b22ff6b1-ac35-5a18-9a69-202b860cf116,10,"Reserva Bosque Protector Los Cedros, 1.5 km S Los Yumbos",COTACACHI,GARCÍA MORENO,reserva bosque protector los cedros 1 5 km s los yumbos garcia moreno,Excel Colección Principal 25-sep-2026; alta por curación,True
ADM-0c250072-c990-58bc-ba98-d4db744b5325,10,"Reserva Bosque Protector Los Cedros, Sendero Inca, Garcia Moreno",COTACACHI,GARCÍA MORENO,reserva bosque protector los cedros sendero inca garcia moreno cotacachi garcia moreno,Excel Colección Principal 25-sep-2026; alta por curación,True
ADM-be0a7718-0d79-5628-9036-d9a366dc24a8,22,"Parque Nacional Yasuní, Vía Maxus km 90, Zaparo",,,parque nacional yasuni via maxus km 90 zaparo,Excel Colección Principal 25-sep-2026; alta por curación,True
ADM-b92656e8-2127-5e0b-bd27-de6e58731ce5,15,"Parque Amazónico, Tena",TENA,TENA,parque amazonico tena tena tena,Excel Colección Principal 25-sep-2026; alta por curación,True
ADM-ddac96ea-b2dc-51db-8916-2a3d2081ec15,22,"Parque Nacional Yasuní, Onkonegare-2, 2.2 km NE Erwin plot",FRANCISCO DE ORELLANA,ALEJANDRO LABAKA,parque nacional yasuni onkonegare 2 2 2 km ne erwin plot orellana alejandro labaka,Excel Colección Principal 25-sep-2026; alta por curación,True
ADM-9e896ce5-25ae-57e7-b909-45da573b3d5e,10,Sendero Estación,COTACACHI,GARCÍA MORENO,sendero estacion garcia moreno,Excel Colección Principal 25-sep-2026; alta por curación,True
ADM-33db72b4-fade-5bca-b0b1-00ca5083f407,14,"Cordillera del Cóndor, ConsECión Colibrí, SECtor Colibrí-Goldmarca, empresa Kinross Aurelian. Colibrí Bajo",,,cordillera del condor consecion colibri sector colibri goldmarca empresa kinross aurelian colibri bajo,Excel Colección Principal 25-sep-2026; alta por curación,True
ADM-7eea6f07-cde0-58fd-8573-7321de98a33e,14,"Cordillera del Cóndor, Colibrí Alto",,,cordillera del condor colibri alto,Excel Colección Principal 25-sep-2026; alta por curación,True
ADM-c0e60f16-6ff6-5c20-982c-b779b70c0dc6,14,"Cordillera del Cóndor, Concesión La Zarza, campamento Las Peñas",,,cordillera del condor concesion la zarza campamento las penas,Excel Colección Principal 25-sep-2026; alta por curación,True
ADM-24806772-4c56-525c-a3c7-5c9ae5d95985,14,"Cordillera del Cóndor, Concesión La Zarza, sECtor Zarza-Machinaza",,,cordillera del condor concesion la zarza sector zarza machinaza,Excel Colección Principal 25-sep-2026; alta por curación,True
ADM-e2ec448b-7319-5891-9056-f40b7d69b704,21,"Lumbaqui, Bosque de la quebrada Puchuchoa, Lumbaqui",GONZALO PIZARRO,LUMBAQUÍ,lumbaqui bosque de la quebrada puchuchoa lumbaqui gonzalo pizarro lumbaqui,Excel Colección Principal 25-sep-2026; alta por curación,True
ADM-e961a37a-d4ee-5074-ab82-aff71167bb3c,10,"Valle del Chota, Ambuquí, Cabuyal alto",IBARRA,AMBUQUÍ,valle del chota ambuqui cabuyal alto ambuqui,Excel Colección Principal 25-sep-2026; alta por curación,True
ADM-c452b4a1-cf9e-54f0-8005-5850c634199e,10,"Valle del Chota, Ambuquí, Quebrada Cahuasquí",IBARRA,AMBUQUÍ,valle del chota ambuqui quebrada cahuasqui ambuqui,Excel Colección Principal 25-sep-2026; alta por curación,True
ADM-1a071b62-7ee7-50d7-81c7-b356abce9ae4,10,"Reserva Bosque Protector Los Cedros, Sendero Estación",COTACACHI,GARCÍA MORENO,reserva bosque protector los cedros sendero estacion chontal garcia moreno,Excel Colección Principal 25-sep-2026; alta por curación,True
ADM-fc3e379e-5ef9-5d0f-a884-aa4f348f46a9,21,"Reserva ECológica Cofán Bermejo, Nuevo Sucumbíos, A 19 km Este del poblado Chingual",CASCALES,EL DORADO DE CASCALES,reserva ecologica cofan bermejo nuevo sucumbios a 19 km este del poblado chingual el dorado de cascales,Excel Colección Principal 25-sep-2026; alta por curación,True
ADM-17e14e2e-ac3f-5545-8883-efc56786710a,13,"Parque Nacional Machalilla, El Pital, vía a Río Blanco",PUERTO LÓPEZ,PUERTO LÓPEZ,parque nacional machalilla el pital via a rio blanco puerto lopez,Excel Colección Principal 25-sep-2026; alta por curación,True
ADM-580eca26-b9e8-5923-9d96-3de1c7f494e5,13,"Parque Nacional Machalilla, Sendero Guayacán de los monos",PUERTO LÓPEZ,PUERTO LÓPEZ,parque nacional machalilla sendero guayacan de los monos puerto lopez,Excel Colección Principal 25-sep-2026; alta por curación,True
ADM-ef7e0584-7489-5e5a-a787-81127e05c1a2,13,"Parque Nacional Machalilla, km 12 entre Puerto Cayo y Jipijapa",JIPIJAPA,PUERTO DE CAYO,parque nacional machalilla km 12 entre puerto cayo y jipijapa puerto de cayo,Excel Colección Principal 25-sep-2026; alta por curación,True
ADM-f44ea041-5a80-51a4-9b1b-926a02c07cdf,13,"Parque Nacional Machalilla, Vía a reserva Jocotoco",PUERTO LÓPEZ,SALANGO,parque nacional machalilla via a reserva jocotoco salango,Excel Colección Principal 25-sep-2026; alta por curación,True
ADM-28a45fdc-a9da-5ddb-a062-857f8ead2acd,13,"Parque Nacional Machalilla, Cerro lobo",PUERTO LÓPEZ,SALANGO,parque nacional machalilla cerro lobo salango,Excel Colección Principal 25-sep-2026; alta por curación,True
ADM-80136d84-8b60-56fb-947a-c519ee254ffd,09,"Guayaquil, Bosque Protector Cerro Blanco nd",GUAYAQUIL,GUAYAQUIL,guayaquil bosque protector cerro blanco nd guayaquil,Excel Colección Principal 25-sep-2026; alta por curación,True
ADM-02b43737-dbaf-59a7-945a-ee1b8d487c4f,09,"Reserva Manglares Churute, Sendero El Mate",NARANJAL,TAURA,reserva manglares churute sendero el mate taura,Excel Colección Principal 25-sep-2026; alta por curación,True
ADM-dd0ee9a4-797a-53e9-8a2e-3cf1f1b8b6bf,13,"Parque Nacional Machalilla, Sendero Bola de Oro, vía a Mocora",PUERTO LÓPEZ,PUERTO LÓPEZ,parque nacional machalilla sendero bola de oro via a mocora puerto lopez,Excel Colección Principal 25-sep-2026; alta por curación,True
ADM-0d1aa593-ecd2-56d7-b244-de24c546ea23,13,"Reserva ECológica Jama Coaque, Sendero Dos Ríos",JAMA,JAMA,reserva ecologica jama coaque sendero dos rios jama,Excel Colección Principal 25-sep-2026; alta por curación,True
ADM-cfce0577-410c-5110-8253-71c32a1bc55a,16,"Parque Nacional Yasuní, Bameno, sendero Curaray 1, Curaray",ARAJUNO,CURARAY,parque nacional yasuni bameno sendero curaray 1 curaray arajuno curaray,Excel Colección Principal 25-sep-2026; alta por curación,True
ADM-0e8dfdfb-05d7-5cfa-82f4-fa8c77a3064a,16,"Parque Nacional Yasuní, Bameno, sendero Curaray 2, Curaray",ARAJUNO,CURARAY,parque nacional yasuni bameno sendero curaray 2 curaray arajuno curaray,Excel Colección Principal 25-sep-2026; alta por curación,True
ADM-94008913-db9d-5f6c-adfe-7cc0da267b48,22,"Parque Nacional Yasuní, Guacamayo Saladero, Cononaco",AGUARICO,CONONACO,parque nacional yasuni guacamayo saladero cononaco aguarico cononaco,Excel Colección Principal 25-sep-2026; alta por curación,True
ADM-9286be4c-a783-598a-a343-48c8842002f1,16,"Parque Nacional Yasuní, Lorocachi, sendero Cononaco, Curaray",PASTAZA,RÍO TIGRE,parque nacional yasuni lorocachi sendero cononaco curaray arajuno rio tigre,Excel Colección Principal 25-sep-2026; alta por curación,True
ADM-8f341df1-0b4f-5333-ad4a-0050e392c735,16,"Parque Nacional Yasuní, Lorocachi, Batallón de Selva 48, sendero Sangay, Curaray",PASTAZA,RÍO TIGRE,parque nacional yasuni lorocachi batallon de selva 48 sendero sangay curaray arajuno rio tigre,Excel Colección Principal 25-sep-2026; alta por curación,True
ADM-56ca7c63-5ad0-5337-a76b-beb2f65f7c30,17,"Mindo, Reserva Río Bravo, Estacion 2",SAN MIGUEL DE LOS BANCOS,MINDO,mindo reserva rio bravo estacion 2 mindo,Excel Colección Principal 25-sep-2026; alta por curación,True
ADM-08320950-11dc-509c-9c31-680d185d70f8,17,"Mindo, Reserva Río Bravo, Estación 1",SAN MIGUEL DE LOS BANCOS,MINDO,mindo reserva rio bravo estacion 1 mindo,Excel Colección Principal 25-sep-2026; alta por curación,True
ADM-a2987dec-891d-57bc-b598-d92396fd1c14,10,"Reserva Bosque Protector Los Cedros, Sendero Oso",Chontal,,reserva bosque protector los cedros sendero oso chontal,Excel Colección Principal 25-sep-2026; alta por curación,True
ADM-f9cc5315-c0a7-5c81-89c8-41d20f295540,10,"Reserva Bosque Protector Los Cedros, Parcela sendero Inca",COTACACHI,GARCÍA MORENO,reserva bosque protector los cedros parcela sendero inca chontal garcia moreno,Excel Colección Principal 25-sep-2026; alta por curación,True
ADM-95662b0d-a6e9-5d5b-9ac5-2bb54078f95d,10,"Reserva Bosque Protector Los Cedros, Sendero del Río",COTACACHI,GARCÍA MORENO,reserva bosque protector los cedros sendero del rio chontal garcia moreno,Excel Colección Principal 25-sep-2026; alta por curación,True
ADM-8ec94bbb-1e69-5478-9b3a-64ebb6f2a646,10,"Reserva Bosque Protector Los Cedros, Parcela sendero del Río",Chontal,,reserva bosque protector los cedros parcela sendero del rio chontal,Excel Colección Principal 25-sep-2026; alta por curación,True
ADM-fb486919-b7a3-5315-87e3-1685d283df62,19,"Cordillera del Cóndor, Concesión Emperadora, Paquisha alto T1",PAQUISHA,PAQUISHA,cordillera del condor concesion emperadora paquisha alto t1 paquisha paquisha,Excel Colección Principal 25-sep-2026; alta por curación,True
ADM-c7b7e826-c979-5dbd-b6ef-9f278e020b7a,14,"Cordillera del Cutucú, Reserva privada Wisui, cuenca alta río Macuma",,,cordillera del cutucu reserva privada wisui cuenca alta rio macuma,Excel Colección Principal 25-sep-2026; alta por curación,True
ADM-72d66eb7-53a6-5851-8143-07bfc0bc646e,17,"Quito, Barrio Quito Norte",DISTRITO METROPOLITANO DE QUITO,QUITO,quito barrio quito norte quito,Excel Colección Principal 25-sep-2026; alta por curación,True
ADM-d7c444a8-f5e4-5893-9db7-3a4ac004d0e0,19,"Cordillera del Cóndor, Concesión Duque, afluente río Machinaza, 2 km E casa Sr. Luna antes campamaneto Tigre",Yantzaza,,cordillera del condor concesion duque afluente rio machinaza 2 km e casa sr luna antes campamaneto tigre yantzaza,Excel Colección Principal 25-sep-2026; alta por curación,True
ADM-6e67f47a-9cdf-5b7c-b116-775773d5b48d,19,"Cordillera del Cóndor, Concesión Duque",Yantzaza,,cordillera del condor concesion duque yantzaza,Excel Colección Principal 25-sep-2026; alta por curación,True
ADM-ecf8070a-c32c-5ea9-ac18-fe26b6f34d9b,19,"Cordillera del Cóndor, Concesión El Zarza, sECtor Fruta del Norte",YANTZAZA,LOS ENCUENTROS,cordillera del condor concesion el zarza sector fruta del norte los encuentros,Excel Colección Principal 25-sep-2026; alta por curación,True
ADM-5bff1631-da83-5660-aa61-1cc72f1883d4,15,"Parque Nacional Sumaco-Galeras, Cosanga, Estación Biológica Yanayacu",QUIJOS,COSANGA,parque nacional sumaco galeras cosanga estacion biologica yanayacu quijos cosanga,Excel Colección Principal 25-sep-2026; alta por curación,True
ADM-ca62612c-266b-51f2-ba96-e1011e149897,22,"Parque Nacional Yasuní, Estación de Biodiversidad Tiputini",,,parque nacional yasuni estacion de biodiversidad tiputini,Excel Colección Principal 25-sep-2026; alta por curación,True
ADM-cf21ad40-04d8-5f9e-95ba-c83dab4e577d,17,"Quito, Barrio La Mariscal",DISTRITO METROPOLITANO DE QUITO,QUITO,quito barrio la mariscal quito,Excel Colección Principal 25-sep-2026; alta por curación,True
ADM-4d68fe23-4b4b-5117-8b93-c8223c2c6d93,14,"Cordillera del Cóndor, Concesión Colibrí, Colibrí-Goldmarca, río Machinaza",Yantzaza,,cordillera del condor concesion colibri colibri goldmarca rio machinaza yantzaza,Excel Colección Principal 25-sep-2026; alta por curación,True
ADM-78f05966-f60a-5df4-b853-93f3c0224845,08,Playa de Oro,,,playa de oro,Excel Colección Principal 25-sep-2026; alta por curación,True
ADM-fa9b38a8-4700-5eaf-9bde-988611e1ab42,19,"Cordillera del Cóndor, Reserva de Vida Silvestre Zarza, sECtor San Antonio, Kinross Aurelian",YANTZAZA,LOS ENCUENTROS,cordillera del condor reserva de vida silvestre zarza sector san antonio kinross aurelian los encuentros,Excel Colección Principal 25-sep-2026; alta por curación,True
ADM-82c40d92-d279-553e-8b21-1e69bd034b7b,08,"Charco Grande, Tsejpi",,,charco grande tsejpi,Excel Colección Principal 25-sep-2026; alta por curación,True
ADM-4b04b499-f9bc-5c8a-b041-75f12f15e06f,08,Jeyambi,,,jeyambi,Excel Colección Principal 25-sep-2026; alta por curación,True
ADM-62492f4b-c40c-5dc0-b9cb-c4306e4d608d,08,Chispero,,,chispero,Excel Colección Principal 25-sep-2026; alta por curación,True
ADM-c609dedf-ac11-5373-a729-8868cf81d5e6,08,Calle Mansa,,,calle mansa,Excel Colección Principal 25-sep-2026; alta por curación,True
ADM-1c53aaa4-a42a-5b70-b493-167194d63d0a,08,Majua,ESMERALDAS,MAJUA,majua majua,Excel Colección Principal 25-sep-2026; alta por curación,True
ADM-4bf6cd15-46a1-59a1-ba83-e443fd117077,17,"Reserva Maquipucuna , Maquipucuna Sur",,,reserva maquipucuna maquipucuna sur,Excel Colección Principal 25-sep-2026; alta por curación,True
ADM-47028807-d737-5be6-b273-678934468cbb,17,"Reserva Maquipucuna , Sendero Principal",,,reserva maquipucuna sendero principal,Excel Colección Principal 25-sep-2026; alta por curación,True
ADM-d79d06f3-ed30-508d-9b03-b85c3c8348e7,23,Alluriquin,SANTO DOMINGO,ALLURIQUÍN,alluriquin santo domingo de los colorados alluriquin,Excel Colección Principal 25-sep-2026; alta por curación,True
ADM-8ea3ce8c-1161-5466-be21-dd326c2efb45,10,"Reserva Bosque Protector Los Cedros, Sendero Inca",COTACACHI,GARCÍA MORENO,reserva bosque protector los cedros sendero inca chontal garcia moreno,Excel Colección Principal 25-sep-2026; alta por curación,True
ADM-93931e63-3143-5a34-b074-a77971eda343,08,"Playa de Oro, La Tabla",ELOY ALFARO,LUIS VARGAS TORRES (CAB. EN PLAYA DE ORO),playa de oro la tabla luis vargas torres cab en playa de oro,Excel Colección Principal 25-sep-2026; alta por curación,True
ADM-ddf49562-be3a-50f6-8fb9-aa87da120cb3,17,"Mindo, Reserva Río Bravo, Estación 3",SAN MIGUEL DE LOS BANCOS,MINDO,mindo reserva rio bravo estacion 3 mindo,Excel Colección Principal 25-sep-2026; alta por curación,True
ADM-8282c815-9157-53a3-afde-28ddb5133955,17,"Quito, San Francisco de Moncayo, Quito",DISTRITO METROPOLITANO DE QUITO,QUITO,quito san francisco de moncayo quito quito quito,Excel Colección Principal 25-sep-2026; alta por curación,True
ADM-74bc50ad-da61-5ca3-945c-4347b4237eff,10,"Reserva Bosque Protector Los Cedros, Sendero cascada",COTACACHI,GARCÍA MORENO,reserva bosque protector los cedros sendero cascada chontal garcia moreno,Excel Colección Principal 25-sep-2026; alta por curación,True
ADM-f8a8bea3-7bb9-5902-9374-10d198f68d48,17,"Bosque Protector Mindo Nambillo, Cerro Guarumos,",,,bosque protector mindo nambillo cerro guarumos,Excel Colección Principal 25-sep-2026; alta por curación,True
ADM-7327edec-7d87-5958-8f4e-c7f0db478304,15,"Río Hollín, 5 Km. SE de Archidona, San Pablo de Ushpayacu",ARCHIDONA,SAN PABLO DE USHPAYACU,rio hollin 5 km se de archidona san pablo de ushpayacu archidona san pablo de ushpayacu,Excel Colección Principal 25-sep-2026; alta por curación,True
ADM-62f651a1-ca6f-5258-8300-89dcbcdbe46d,04,"Carr. PanSouth_Americana El Juncal, , Los Andes",BOLÍVAR,LOS ANDES,carr pansouth americana el juncal los andes bolivar los andes,Excel Colección Principal 25-sep-2026; alta por curación,True
ADM-b93c3a3f-7c3c-556f-9a7a-6bc90c5b8847,21,"Bloque Tarapoa, Pozo Marian 4A, Tarapoa",CUYABENO,AGUAS NEGRAS,bloque tarapoa pozo marian 4a tarapoa cuyabeno aguas negras,Excel Colección Principal 25-sep-2026; alta por curación,True
ADM-41526211-50e1-56af-abbe-c6e4de190f1e,08,"Playa de Oro, Padre Santo",,,playa de oro padre santo,Excel Colección Principal 25-sep-2026; alta por curación,True
ADM-df6c3784-ef9e-5beb-bf23-4e9dc5657954,08,Colón del Onzole,,,colon del onzole,Excel Colección Principal 25-sep-2026; alta por curación,True
ADM-adb95c74-6642-5794-bf22-e9bb54e7a967,17,"Mindo, Guarumos, Guarumos, Mindo",DISTRITO METROPOLITANO DE QUITO,NONO,mindo guarumos guarumos mindo nono,Excel Colección Principal 25-sep-2026; alta por curación,True
ADM-75a2a7bb-56c3-5492-8f98-cc02e53651db,08,Palma Real,,,palma real,Excel Colección Principal 25-sep-2026; alta por curación,True
ADM-fc9a4087-a269-54bb-a1aa-d47d2a38eb27,19,"Cordillera del Cóndor, Concesión Colibrí, 15 km W Los Encuentros",YANTZAZA,LOS ENCUENTROS,cordillera del condor concesion colibri 15 km w los encuentros yantzaza los encuentros,Excel Colección Principal 25-sep-2026; alta por curación,True
ADM-838bfa8e-cd7c-5c36-b751-58a66c5d2d80,05,"Volcán Quilotoa, Orillas de laguna Quilotoa,",,,volcan quilotoa orillas de laguna quilotoa,Excel Colección Principal 25-sep-2026; alta por curación,True
ADM-73074546-3a05-5720-a35f-3bad23ee5343,17,"Reserva Pahuma , Sendero las Orquideas",DISTRITO METROPOLITANO DE QUITO,NONO,reserva pahuma sendero las orquideas nono,Excel Colección Principal 25-sep-2026; alta por curación,True
ADM-df2ad0a8-3bcb-5f42-8bca-2a3029323083,22,"Reserva Etnica Waorani, Cerca Río Tivacuno",,,reserva etnica waorani cerca rio tivacuno,Excel Colección Principal 25-sep-2026; alta por curación,True
ADM-a74b4639-f19e-59af-9638-52f26a794027,22,"Parque Nacional Yasuní, Apaika, Río Rumiyacu, Cononaco",AGUARICO,CONONACO,parque nacional yasuni apaika rio rumiyacu cononaco aguarico cononaco,Excel Colección Principal 25-sep-2026; alta por curación,True
ADM-7c958cc3-2e79-52da-b73a-d47808fe1a1c,16,"Cuenca Villano, Oñampare, Río Acaro",,,cuenca villano onampare rio acaro,Excel Colección Principal 25-sep-2026; alta por curación,True
ADM-8c1621b0-5373-5720-a783-3bd373d81079,22,"Parque Nacional Yasuní, Río Nashiño, Pozo Nashiño",,,parque nacional yasuni rio nashino pozo nashino,Excel Colección Principal 25-sep-2026; alta por curación,True
ADM-199df639-5191-580c-9d6f-f445c27af961,22,"Parque Nacional Yasuní, Río Nashiño, Pozo Obe",,,parque nacional yasuni rio nashino pozo obe,Excel Colección Principal 25-sep-2026; alta por curación,True
ADM-020a41e4-c608-5a09-9fac-441f87649786,22,"Parque Nacional Yasuní, Vía Maxus, km 45, Río Capirón",,,parque nacional yasuni via maxus km 45 rio capiron,Excel Colección Principal 25-sep-2026; alta por curación,True
ADM-4c42a524-009f-592c-b095-7d21c9cc92a8,22,"Parque Nacional Yasuní, Vía Maxus Km 38, Río Capirón, Río Piraña, Onkonegare",,,parque nacional yasuni via maxus km 38 rio capiron rio pirana onkonegare,Excel Colección Principal 25-sep-2026; alta por curación,True
ADM-24d693c7-8846-5f70-ba71-c35c49d9edeb,22,"Parque Nacional Yasuní, Vía Maxus, Capirón",,,parque nacional yasuni via maxus capiron,Excel Colección Principal 25-sep-2026; alta por curación,True
ADM-07259c45-46a3-5684-9c7f-c0eb12d51c47,16,"Cuenca Villano, Río Villano cabECeras, Comunidad Chuyayacu",,,cuenca villano rio villano cabeceras comunidad chuyayacu,Excel Colección Principal 25-sep-2026; alta por curación,True
ADM-10ca4c0c-dd42-5035-8533-e87e0fdff98f,16,"Cuenca Villano, Río Villano cabECeras, Oleoducto km 25",,,cuenca villano rio villano cabeceras oleoducto km 25,Excel Colección Principal 25-sep-2026; alta por curación,True
ADM-6c098a99-ee62-578d-8e47-fa7cd454c6b8,22,"Parque Nacional Yasuní, Río Añango, Comuna Añango",,,parque nacional yasuni rio anango comuna anango,Excel Colección Principal 25-sep-2026; alta por curación,True
ADM-1101371f-0dbf-5f59-9c12-be3ba255b68c,22,"Parque Nacional Yasuní, Río Tivacuno, Ewa",,,parque nacional yasuni rio tivacuno ewa,Excel Colección Principal 25-sep-2026; alta por curación,True
ADM-de37cb3a-52b0-5727-bc09-a174ad06494d,22,"Parque Nacional Yasuní, Via Maxus Km. 99, Comuna Dicaro, Río Yasuni",,,parque nacional yasuni via maxus km 99 comuna dicaro rio yasuni,Excel Colección Principal 25-sep-2026; alta por curación,True
ADM-fd7effb1-8b89-5608-a2b5-578635c72802,22,"Parque Nacional Yasuní, Vía Auca, Tiguino, Ñemengueno",FRANCISCO DE ORELLANA,INÉS ARANGO (CAB. EN WESTERN),parque nacional yasuni via auca tiguino nemengueno ines arango cab en western,Excel Colección Principal 25-sep-2026; alta por curación,True
ADM-11f2c52d-81d8-5fd3-a1dc-9bf59d7b1011,22,"Parque Nacional Yasuní, Río Napo, Comuna Añango, Río Añango",FRANCISCO DE ORELLANA,LA BELLEZA,parque nacional yasuni rio napo comuna anango rio anango la belleza,Excel Colección Principal 25-sep-2026; alta por curación,True
ADM-92b26c39-7d6c-5e5d-b92e-5b86dfd4c152,22,"Parque Nacional Yasuní, Vía Maxus km 117, Iro",,,parque nacional yasuni via maxus km 117 iro,Excel Colección Principal 25-sep-2026; alta por curación,True
ADM-6ad085ae-f19d-5a74-9ccd-95d6fb116fda,22,"Parque Nacional Yasuní, Nuevo Rocafuerte, Bocana del Tambocoha",AGUARICO,NUEVO ROCAFUERTE,parque nacional yasuni nuevo rocafuerte bocana del tambocoha nuevo rocafuerte,Excel Colección Principal 25-sep-2026; alta por curación,True
ADM-ea8c2f6b-9cc6-5595-9746-0142c92ddd03,22,"Parque Nacional Yasuní, Nuevo Rocafuerte, Bocana río Jatuncocha",AGUARICO,NUEVO ROCAFUERTE,parque nacional yasuni nuevo rocafuerte bocana rio jatuncocha nuevo rocafuerte,Excel Colección Principal 25-sep-2026; alta por curación,True
ADM-a8d57f2e-d015-5b2f-891e-eeaa1ec9cc69,15,"Cordillera Guacamayos, Sendero la Virgen.",,,cordillera guacamayos sendero la virgen,Excel Colección Principal 25-sep-2026; alta por curación,True
ADM-8dd69fc9-e4ea-5748-aad7-90c63b9fcc7e,15,"Laguna Papallacta, Papallacta",QUIJOS,PAPALLACTA,laguna papallacta papallacta quijos papallacta,Excel Colección Principal 25-sep-2026; alta por curación,True
ADM-45f3fedf-bae3-5644-8aaf-1826fd44a1bf,16,"Cuenca Villano, Rio Oglan, Comuna P. López",,,cuenca villano rio oglan comuna p lopez,Excel Colección Principal 25-sep-2026; alta por curación,True
ADM-641b394a-c2d9-5ca5-a77b-e73dd756c758,17,"Reserva Pahuma , Sendero Oso de anteojos",DISTRITO METROPOLITANO DE QUITO,NONO,reserva pahuma sendero oso de anteojos nono,Excel Colección Principal 25-sep-2026; alta por curación,True
ADM-59b1149f-f394-5db3-8584-6be3b3c646dd,22,"Parque Nacional Yasuní, Vía Maxus Km. 108, Río Daimi",,,parque nacional yasuni via maxus km 108 rio daimi,Excel Colección Principal 25-sep-2026; alta por curación,True
ADM-b31f5de5-a847-58d9-834d-001be5bebf06,16,"Cuenca Villano, Comunidad Villano, Río Chuyayacu",,,cuenca villano comunidad villano rio chuyayacu,Excel Colección Principal 25-sep-2026; alta por curación,True
ADM-6ad84cb0-0e7d-54d1-b9f7-a1093df16cd8,22,"Río Napo, Río Coca, Guataraco",FRANCISCO DE ORELLANA,LA BELLEZA,rio napo rio coca guataraco la belleza,Excel Colección Principal 25-sep-2026; alta por curación,True
ADM-aa6ce9d1-0c57-5106-aa42-16b50fb3d5e5,08,Tsejpi,,,tsejpi,Excel Colección Principal 25-sep-2026; alta por curación,True
ADM-131fd616-48a6-5208-93d5-9013c0754fcb,08,"Reserva ECológica Cotacachi Cayapas, Charco Vicente 2",ELOY ALFARO,TELEMBÍ,reserva ecologica cotacachi cayapas charco vicente 2 eloy alfaro telembi,Excel Colección Principal 25-sep-2026; alta por curación,True
ADM-e57ac5b6-f35a-5181-970e-7304de663cc9,08,"Playa de Oro, Pote",ELOY ALFARO,LUIS VARGAS TORRES (CAB. EN PLAYA DE ORO),playa de oro pote luis vargas torres cab en playa de oro,Excel Colección Principal 25-sep-2026; alta por curación,True
ADM-500853d9-4b30-56da-a357-a841572ae2e7,08,Playa de Rica,,,playa de rica,Excel Colección Principal 25-sep-2026; alta por curación,True
ADM-c588c221-5c2a-5ba1-be2d-6003612c99ea,22,"Parque Nacional Yasuní, Yasuní, Río Yasuni, Garzacocha, Ishpingo 3",AGUARICO,YASUNÍ,parque nacional yasuni yasuni rio yasuni garzacocha ishpingo 3 yasuni,Excel Colección Principal 25-sep-2026; alta por curación,True
ADM-5f7fe76d-16e6-5e99-ad6f-8cd6e8f9819b,22,"Parque Nacional Yasuní, Garzacocha, Ishpingo",,,parque nacional yasuni garzacocha ishpingo,Excel Colección Principal 25-sep-2026; alta por curación,True
ADM-8ba6bb99-c2a7-5a3c-9ddf-24e18dc1e3db,16,"Cuenca Villano, Comunidad Villano, Río Lliquino",,,cuenca villano comunidad villano rio lliquino,Excel Colección Principal 25-sep-2026; alta por curación,True
ADM-aabf5ce4-15b6-5c03-9fb7-54234fd045ec,22,"Parque Nacional Yasuní, Nuevo Rocafuerte, Río Yasuní, bocana río Cotoyacu",AGUARICO,NUEVO ROCAFUERTE,parque nacional yasuni nuevo rocafuerte rio yasuni bocana rio cotoyacu nuevo rocafuerte,Excel Colección Principal 25-sep-2026; alta por curación,True
ADM-206b2f0d-0e74-5fd1-854c-30b622894a7b,17,"Reserva Geobotánica Pululahua, La Reventazón,",,,reserva geobotanica pululahua la reventazon,Excel Colección Principal 25-sep-2026; alta por curación,True
ADM-4dd6e53c-e50c-514c-ba89-2774b1c330a8,17,"Reserva Pahuma , Estación Pahuma",DISTRITO METROPOLITANO DE QUITO,NONO,reserva pahuma estacion pahuma nono,Excel Colección Principal 25-sep-2026; alta por curación,True
ADM-704a8456-9985-5bbe-9376-4c7e4fe24654,17,"Mindo, Reserva Río Bravo, Estación 2, Mindo",SAN MIGUEL DE LOS BANCOS,MINDO,mindo reserva rio bravo estacion 2 mindo mindo,Excel Colección Principal 25-sep-2026; alta por curación,True
ADM-9d4dc98d-3afe-585d-89f2-389ecba60470,21,"Reserva ECológica Cayambe Coca, A 15 km Noroeste de Lumbaqui (sECtor Bermejo)",CASCALES,EL DORADO DE CASCALES,reserva ecologica cayambe coca a 15 km noroeste de lumbaqui sector bermejo el dorado de cascales,Excel Colección Principal 25-sep-2026; alta por curación,True
ADM-6e64f1ae-aa93-57c8-ac4b-5c61d21d6b2c,14,"Cordillera del Cóndor, Concesión Colibrí, Compañía Kinross Aurelian,",,,cordillera del condor concesion colibri compania kinross aurelian,Excel Colección Principal 25-sep-2026; alta por curación,True
ADM-81284c78-67d5-5515-84fe-2a67138d2069,15,Universidad Amazónica Ikiam,Tena,,universidad amazonica ikiam tena,Excel Colección Principal 25-sep-2026; alta por curación,True
ADM-dd05f196-0694-5659-990c-0f764a506a54,16,"Bloque 75, Washintza, Simón Bolívar",PASTAZA,SIMÓN BOLÍVAR  (CAB. EN MUSHULLACTA),bloque 75 washintza simon bolivar pastaza simon bolivar cab en mushullacta,Excel Colección Principal 25-sep-2026; alta por curación,True
ADM-d63505e1-7216-5396-8270-a07d94a71446,16,"Bloque 75, San Carlos, Simón Bolívar",PASTAZA,SIMÓN BOLÍVAR  (CAB. EN MUSHULLACTA),bloque 75 san carlos simon bolivar pastaza simon bolivar cab en mushullacta,Excel Colección Principal 25-sep-2026; alta por curación,True
ADM-0293d6f8-7a95-5961-a4b9-08914214b9f9,16,"Bloque 75, Santa Rosa, Simón Bolívar",PASTAZA,SIMÓN BOLÍVAR  (CAB. EN MUSHULLACTA),bloque 75 santa rosa simon bolivar pastaza simon bolivar cab en mushullacta,Excel Colección Principal 25-sep-2026; alta por curación,True
ADM-e10741b5-d7bb-5a09-a07a-6d6433bc57bf,16,"Bloque 75, Chuvacocha, Montalvo",PASTAZA,MONTALVO,bloque 75 chuvacocha montalvo pastaza montalvo,Excel Colección Principal 25-sep-2026; alta por curación,True
ADM-2b84f455-8e8a-57f1-b82c-2a84d21b7af4,16,"Riveras del Río Piatúa, Centro de Investigación, Posgrado y Concervación Amazónica, Santa Clara",SANTA CLARA,SANTA CLARA,riveras del rio piatua centro de investigacion posgrado y concervacion amazonica santa clara santa clara santa clara,Excel Colección Principal 25-sep-2026; alta por curación,True
ADM-27b5ac20-50a0-5db2-94dc-00626923fe7c,08,Salto del Bravo,,,salto del bravo,Excel Colección Principal 25-sep-2026; alta por curación,True
ADM-5947666c-bda2-5135-bdf9-bc55628a2d67,13,"Reserva de bosque sECo Lalo Loor, Sendero Tigrillo",,,reserva de bosque seco lalo loor sendero tigrillo,Excel Colección Principal 25-sep-2026; alta por curación,True
ADM-c1d62a26-5ba6-5839-852d-5e28ff3396b1,13,"Bosque Protector Cerro Pata de Pájaro, Cima del cerro",PEDERNALES,PEDERNALES,bosque protector cerro pata de pajaro cima del cerro pedernales,Excel Colección Principal 25-sep-2026; alta por curación,True
ADM-857d5dab-a5fa-5c4a-ad76-b404a88af411,08,"Reserva ECológica Mache Chindul, Laguna de Cube",QUININDÉ,CUBE,reserva ecologica mache chindul laguna de cube cube,Excel Colección Principal 25-sep-2026; alta por curación,True
ADM-a9c7423c-8fb9-58f8-a5b6-b35a785717f6,09,Guayaquil - Bosque Protector Cerro Blanco,,,guayaquil bosque protector cerro blanco,Excel Colección Principal 25-sep-2026; alta por curación,True
ADM-fd08ad9e-a1b7-53c7-93e2-5aa9a6b867ca,08,Vainilla,,,vainilla,Excel Colección Principal 25-sep-2026; alta por curación,True
ADM-951083db-4e71-53d0-a01b-489c6fd5b2d9,21,"Lumbaqui, Lumbaqui",GONZALO PIZARRO,LUMBAQUÍ,lumbaqui lumbaqui gonzalo pizarro lumbaqui,Excel Colección Principal 25-sep-2026; alta por curación,True
ADM-54ae6cd7-d3bc-5136-bb0c-b89232bf338b,22,"Aguarico, Bq 31",AGUARICO,NUEVO ROCAFUERTE,aguarico bq 31 nuevo rocafuerte,Excel Colección Principal 25-sep-2026; alta por curación,True
ADM-cc44bdcd-83f5-594b-b3cd-75948feb7e52,22,"Parque Nacional Yasuní, Río Tiputini, Km 32",FRANCISCO DE ORELLANA,DAYUMA,parque nacional yasuni rio tiputini km 32 dayuma,Excel Colección Principal 25-sep-2026; alta por curación,True
ADM-b928b857-f9c2-5a25-9b34-641a989d61b0,22,"XPF, Km 117 via Pompeya",,,xpf km 117 via pompeya,Excel Colección Principal 25-sep-2026; alta por curación,True
ADM-d843885a-81fd-5a5c-be37-72f7e3d8851a,22,8 Km. E de Lumbaqui,,,8 km e de lumbaqui,Excel Colección Principal 25-sep-2026; alta por curación,True
ADM-88e106a4-2f25-54c8-b1e0-6421c70e495c,22,Campo Mono,,,campo mono,Excel Colección Principal 25-sep-2026; alta por curación,True
ADM-5bdccc20-c87b-59f5-9b75-5f7c0bdc4652,22,El Dorado,,,el dorado,Excel Colección Principal 25-sep-2026; alta por curación,True
ADM-cb1f943a-673e-51c8-b24d-06c631b5b0b7,22,"Campo Auca, Dayuma",FRANCISCO DE ORELLANA,DAYUMA,campo auca dayuma orellana dayuma,Excel Colección Principal 25-sep-2026; alta por curación,True
ADM-b52886ba-8b9c-5614-9770-ddaf2e3f5128,22,"Campo Oso, Dayuma",FRANCISCO DE ORELLANA,DAYUMA,campo oso dayuma orellana dayuma,Excel Colección Principal 25-sep-2026; alta por curación,True
ADM-6b6b3858-0e18-5f8e-9611-e9717b78e8ff,22,"Campo Pucuna, San Sebastián del Coca",LA JOYA DE LOS SACHAS,SAN SEBASTIÁN DEL COCA,campo pucuna san sebastian del coca joya de los sachas san sebastian del coca,Excel Colección Principal 25-sep-2026; alta por curación,True
ADM-205dde91-c340-5a48-943d-16c109d9123a,22,"CabECeras Río Basura, Yanayacu",Orellana,,cabeceras rio basura yanayacu orellana,Excel Colección Principal 25-sep-2026; alta por curación,True
ADM-a86088a8-879e-5b06-86da-352b1b1c5353,22,Domingo Playas,Orellana,,domingo playas orellana,Excel Colección Principal 25-sep-2026; alta por curación,True
ADM-626de71b-1610-5623-abb3-406ae5913300,22,"Campo Pucuna, Sebastián del Coca",Joya de los Sachas,,campo pucuna sebastian del coca joya de los sachas,Excel Colección Principal 25-sep-2026; alta por curación,True
ADM-e59aa91d-190f-5449-b6b4-38f978efff38,22,El Coca,FRANCISCO DE ORELLANA,EL COCA (PUERTO FRANCISCO DE ORELLANA),el coca el coca puerto francisco de orellana,Excel Colección Principal 25-sep-2026; alta por curación,True
ADM-1481a519-417d-5012-b54e-1163ac3e5f0e,22,"El Coca, PMCNE-1",FRANCISCO DE ORELLANA,EL COCA (PUERTO FRANCISCO DE ORELLANA),el coca pmcne 1 el coca puerto francisco de orellana,Excel Colección Principal 25-sep-2026; alta por curación,True
ADM-12fe7c43-9ae0-57d3-a0a1-97f41f8e7f11,22,Pto. Murialdo,,,pto murialdo,Excel Colección Principal 25-sep-2026; alta por curación,True
ADM-82b7a92c-13af-5e16-842f-d83291560e04,22,"Pto. Murialdo, PMCNE-3",,,pto murialdo pmcne 3,Excel Colección Principal 25-sep-2026; alta por curación,True
ADM-f1d3d4fd-cfa4-58f7-aff8-e4ba21a1e501,22,"Dayuma, Hormiguero",FRANCISCO DE ORELLANA,DAYUMA,dayuma hormiguero dayuma,Excel Colección Principal 25-sep-2026; alta por curación,True
ADM-3f03a298-f423-51b7-a42a-137b12836cb0,22,"Dayuma, Plataforma Hormiguero E. Campo Hormiguero",FRANCISCO DE ORELLANA,DAYUMA,dayuma plataforma hormiguero e campo hormiguero dayuma,Excel Colección Principal 25-sep-2026; alta por curación,True
ADM-aeb68917-26b1-5cba-84fa-e93beb05c979,22,Campo Jaguar,,,campo jaguar,Excel Colección Principal 25-sep-2026; alta por curación,True
ADM-50dc28ab-a80a-553a-8907-6fe3b68ca6c3,22,Campo Lobos,,,campo lobos,Excel Colección Principal 25-sep-2026; alta por curación,True
ADM-45f22c30-8f69-577d-acb4-7556658a4fda,22,"Plataforma Hormiguero E, Campo Hormiguero, Dayuma",FRANCISCO DE ORELLANA,DAYUMA,plataforma hormiguero e campo hormiguero dayuma dayuma,Excel Colección Principal 25-sep-2026; alta por curación,True
ADM-b2c8f598-cec9-50f9-ba55-52ea6abb8303,22,"Parque Nacional Yasuní, Afluente Río Rumiyacu, Bloque 31 (Petrobras), Localidad 1 (ex Apaika 2), Cononaco",AGUARICO,CONONACO,parque nacional yasuni afluente rio rumiyacu bloque 31 petrobras localidad 1 ex apaika 2 cononaco cononaco,Excel Colección Principal 25-sep-2026; alta por curación,True
ADM-22ad27ea-ad87-5109-b453-4f52ba412c1f,22,Campo Coca,,,campo coca,Excel Colección Principal 25-sep-2026; alta por curación,True
ADM-6978dca4-7899-5901-b126-e08a209d3340,22,El Dorado,Orellana,,el dorado orellana,Excel Colección Principal 25-sep-2026; alta por curación,True
ADM-9b5c4633-78e3-5fd4-8530-c70be619cb04,22,"Campo Gaceta, San Luis de Armenia",FRANCISCO DE ORELLANA,SAN LUIS DE ARMENIA,campo gaceta san luis de armenia orellana san luis de armenia,Excel Colección Principal 25-sep-2026; alta por curación,True
ADM-bda5ad26-dc6a-5a29-a686-c2885919ed30,22,"Agrupación Tanguila, Joya de los Sachas",LA JOYA DE LOS SACHAS,LAGO SAN PEDRO,agrupacion tanguila joya de los sachas orellana lago san pedro,Excel Colección Principal 25-sep-2026; alta por curación,True
ADM-11d5904a-fa37-5b4e-8b7e-66e0f3331a0c,22,"Francisco de Orellana, Dayuma",FRANCISCO DE ORELLANA,DAYUMA,francisco de orellana dayuma dayuma,Excel Colección Principal 25-sep-2026; alta por curación,True
ADM-075f0102-4031-5e1f-ae4e-47e911f7d8d4,08,Los Ajos,,,los ajos,Excel Colección Principal 25-sep-2026; alta por curación,True
ADM-29732071-bbac-5870-befb-b48b1951a0ce,22,"Campo Oso, Pto. Murialdo",Loreto,,campo oso pto murialdo loreto,Excel Colección Principal 25-sep-2026; alta por curación,True
ADM-3126059a-e5f0-5f9d-b6db-eedc8ccf6c63,22,Tangula,Joya de los Sachas,,tangula joya de los sachas,Excel Colección Principal 25-sep-2026; alta por curación,True
ADM-d1338ec0-e63b-5a90-af22-a66cfafa39ee,22,Domingo Playas,,,domingo playas,Excel Colección Principal 25-sep-2026; alta por curación,True
ADM-ec7bb82d-a853-593c-ab1c-e3f9c82ea78b,22,PMCNE-1,El Coca,,pmcne 1 el coca,Excel Colección Principal 25-sep-2026; alta por curación,True
ADM-71565c20-4d89-543e-a47d-adc2a005de2e,22,"San Sebastián del Coca, Campo Pucuna",LA JOYA DE LOS SACHAS,SAN SEBASTIÁN DEL COCA,san sebastian del coca campo pucuna joya de los sachas san sebastian del coca,Excel Colección Principal 25-sep-2026; alta por curación,True
ADM-c5717867-fc0b-5f52-a62a-b2b544bee3f8,22,"Campo Pucuna, San Cristóbal del Coca",Joya de los Sachas,,campo pucuna san cristobal del coca joya de los sachas,Excel Colección Principal 25-sep-2026; alta por curación,True
ADM-fd280dce-875b-52ef-b4ce-8db057e21b1f,08,Santa Rita,SAN LORENZO,SANTA RITA,santa rita santa rita,Excel Colección Principal 25-sep-2026; alta por curación,True
ADM-34f15854-adc5-5239-8cbd-58d11886afa4,22,Aguarico. Blq 31,,,aguarico blq 31,Excel Colección Principal 25-sep-2026; alta por curación,True
ADM-b2ac32dd-56b8-51fd-ab1c-baf4b37f98c8,14,"Angel Rouby, Sitio 8",,,angel rouby sitio 8,Excel Colección Principal 25-sep-2026; alta por curación,True
ADM-19c4285c-aa35-5875-a303-e55d9af41b13,14,"Untsuants, sitio 3",,,untsuants sitio 3,Excel Colección Principal 25-sep-2026; alta por curación,True
ADM-4c01ce48-ac7d-518d-a6be-071a8df812f3,08,El Progreso,,,el progreso,Excel Colección Principal 25-sep-2026; alta por curación,True
ADM-2934bbc7-ca0e-5eb0-9331-4b6729853a37,14,"Untsuants, Sitio 4",,,untsuants sitio 4,Excel Colección Principal 25-sep-2026; alta por curación,True
ADM-8179ea4e-4a69-560f-9ca2-4a4abf2e4bad,21,"Río Aguarico, Lumbaqui",GONZALO PIZARRO,LUMBAQUÍ,rio aguarico lumbaqui gonzalo pizarro lumbaqui,Excel Colección Principal 25-sep-2026; alta por curación,True
ADM-e44f3a84-ebaf-507c-908d-0e0864b15c90,17,"Mindo, Guarumos, Base cerro El Castillo",DISTRITO METROPOLITANO DE QUITO,NONO,mindo guarumos base cerro el castillo san miguel de los bancos nono,Excel Colección Principal 25-sep-2026; alta por curación,True
ADM-c2ccb889-fccc-5f53-836c-9229c6b64df4,17,"Campus Escuela Politécnica Nacional, Jardinera de la EPN, La Floresta",Quito,,campus escuela politecnica nacional jardinera de la epn la floresta quito,Excel Colección Principal 25-sep-2026; alta por curación,True
ADM-88d53986-a7fd-5b01-920f-6a62846c35d9,22,"Reserva Etnica Waorani, 11 Km al norte sw río Cononaco, Cononaco",AGUARICO,CONONACO,reserva etnica waorani 11 km al norte sw rio cononaco cononaco aguarico cononaco,Excel Colección Principal 25-sep-2026; alta por curación,True
ADM-0ab77121-9e0b-50d4-a34b-a8b7a897541a,14,"Cordillera del Cóndor, Concesión El Zarza, sECtor el Pindal, compañía Kinross Aurelian,",,,cordillera del condor concesion el zarza sector el pindal compania kinross aurelian,Excel Colección Principal 25-sep-2026; alta por curación,True
ADM-0f3897f8-3640-5970-900c-b7cde9f4077e,14,"Untsuants, sitio 5",,,untsuants sitio 5,Excel Colección Principal 25-sep-2026; alta por curación,True
ADM-89f0ae4f-76a1-59ce-a1c4-c24e25ae1063,13,San Juan,,,san juan,Excel Colección Principal 25-sep-2026; alta por curación,True
ADM-03eabc60-3fe4-5bde-b2db-45e527e00bdd,16,"Pablo López de Oglán, Río Oglán CEPLOA-ECUCE, Arajuno",ARAJUNO,ARAJUNO,pablo lopez de oglan rio oglan ceploa ecuce arajuno arajuno arajuno,Excel Colección Principal 25-sep-2026; alta por curación,True
ADM-63271b9c-bea0-5d7a-814d-651b1b89840e,16,Mera,MERA,MERA,mera mera,Excel Colección Principal 25-sep-2026; alta por curación,True
ADM-dfd31cbc-3588-53d0-a186-c217f072e33f,21,"Río Aguarico, Lumbaqui",GONZALO PIZARRO,LUMBAQUÍ,rio aguarico lumbaqui lumbaqui,Excel Colección Principal 25-sep-2026; alta por curación,True
ADM-a813075f-7bb2-501e-800a-6f4a55879d8b,19,"Cordillera del Cóndor, Concesión Sachavaca 1, El Pangui",EL PANGUI,EL PANGUI,cordillera del condor concesion sachavaca 1 el pangui el pangui el pangui,Excel Colección Principal 25-sep-2026; alta por curación,True
ADM-268e33b0-fb6f-5fbe-87ea-3e14d1162fde,01,"Santa Martha, Camilo Ponce Enríquez",CAMILO PONCE ENRÍQUEZ,CAMILO PONCE ENRÍQUEZ,santa martha camilo ponce enriquez camilo ponce enriquez camilo ponce enriquez,Excel Colección Principal 25-sep-2026; alta por curación,True
ADM-845230a9-ff95-521f-ac0d-52c0110a7fb3,16,"Villano, Bloque 10",ARAJUNO,CURARAY,villano bloque 10 curaray,Excel Colección Principal 25-sep-2026; alta por curación,True
ADM-b29ea44b-b357-59a8-be0d-b142baf4cd16,22,"Campo Tigüino, Tigüino, Inés Arango",FRANCISCO DE ORELLANA,INÉS ARANGO (CAB. EN WESTERN),campo tiguino tiguino ines arango orellana ines arango cab en western,Excel Colección Principal 25-sep-2026; alta por curación,True
ADM-d60bf877-cb5f-5526-b6a5-25f5be7bee03,14,"Untsuants, sitio 6",,,untsuants sitio 6,Excel Colección Principal 25-sep-2026; alta por curación,True
ADM-7c02ab29-307e-5bdd-ab8f-202e7a25dcec,22,"Parque Nacional Yasuní, Km. 117, vía Pompeya",,,parque nacional yasuni km 117 via pompeya,Excel Colección Principal 25-sep-2026; alta por curación,True
ADM-360d5b3f-1d31-548a-a442-63bdfd1ea597,09,"Reserva Manglares Churrute, Cerro Cimalón, Taura",GUAYAQUIL,PUNÁ,reserva manglares churrute cerro cimalon taura naranjal puna,Excel Colección Principal 25-sep-2026; alta por curación,True
ADM-4060ddec-09a6-5c21-ad9a-915548c1d132,09,"Reserva Manglares Churrute, Sendero Los Monos , Taura",NARANJAL,TAURA,reserva manglares churrute sendero los monos taura naranjal taura,Excel Colección Principal 25-sep-2026; alta por curación,True
ADM-0b4182d9-ead1-5bdf-81bc-8dbba4510601,16,Chuyayacu Km. 25,,,chuyayacu km 25,Excel Colección Principal 25-sep-2026; alta por curación,True
ADM-a1286c15-5b81-5e11-b6ae-1db3d8c3fc12,17,"Mindo, Reserva Río Bravo, Estación 3, Mindo",SAN MIGUEL DE LOS BANCOS,MINDO,mindo reserva rio bravo estacion 3 mindo san miguel de los bancos mindo,Excel Colección Principal 25-sep-2026; alta por curación,True
ADM-a9d7252e-6090-50e7-98e2-bfb0f7bff14f,10,"Reserva Bosque Protector Los Cedros, Sendero del Río, García Moreno",COTACACHI,GARCÍA MORENO,reserva bosque protector los cedros sendero del rio garcia moreno cotacachi garcia moreno,Excel Colección Principal 25-sep-2026; alta por curación,True
ADM-7f63f815-0805-5204-8b4f-e4b54fab2025,23,Hacienda La Soledad,,,hacienda la soledad,Excel Colección Principal 25-sep-2026; alta por curación,True
ADM-f9a1763b-8fd0-56d0-9f0a-64a7cb644dd7,17,"Miraflores, Bosque Protector Pichincha. Quebrada Vásconez, Quito",DISTRITO METROPOLITANO DE QUITO,QUITO,miraflores bosque protector pichincha quebrada vasconez quito quito quito,Excel Colección Principal 25-sep-2026; alta por curación,True
ADM-6044f127-3368-5092-a02c-34ad9eef4b08,17,"Bosque Protector Milpe, Río Tatala, San Miguel de los Bancos",SAN MIGUEL DE LOS BANCOS,SAN MIGUEL DE LOS BANCOS,bosque protector milpe rio tatala san miguel de los bancos san miguel de los bancos san miguel de los bancos,Excel Colección Principal 25-sep-2026; alta por curación,True
ADM-14be18d9-c8db-5824-9946-b458fd4b80fe,17,"Mindo, Reserva Río Bravo, Estacion 2, Mindo",SAN MIGUEL DE LOS BANCOS,MINDO,mindo reserva rio bravo estacion 2 mindo san miguel de los bancos mindo,Excel Colección Principal 25-sep-2026; alta por curación,True
ADM-1cd49be3-fb13-5f24-a154-95eb148e30a3,17,Host. Valle Hermoso,,,host valle hermoso,Excel Colección Principal 25-sep-2026; alta por curación,True
ADM-23827b6e-da33-517d-89de-a1e565efc710,15,Cabañas Aliñahui,,,cabanas alinahui,Excel Colección Principal 25-sep-2026; alta por curación,True
ADM-db6af6c1-e74f-528e-991d-5ee54c0444f0,16,Guarani R. Numbaime,,,guarani r numbaime,Excel Colección Principal 25-sep-2026; alta por curación,True
ADM-62f48c11-6e2c-5454-9e49-cdd8e6cac766,17,"Quebrada Cóndor Huachana, El Placer",DISTRITO METROPOLITANO DE QUITO,QUITO,quebrada condor huachana el placer quito quito,Excel Colección Principal 25-sep-2026; alta por curación,True
ADM-d269dc93-102f-5ef3-b25f-fc3fa51701ca,22,B. 31 Timare,,,b 31 timare,Excel Colección Principal 25-sep-2026; alta por curación,True
ADM-6856bb85-7862-5738-8b89-88cf8456804c,17,"Urb. Los Mastodontes, Quito",DISTRITO METROPOLITANO DE QUITO,POMASQUI,urb los mastodontes quito quito pomasqui,Excel Colección Principal 25-sep-2026; alta por curación,True
ADM-11b8ee3b-8769-59ec-b05d-59ea31b7d6ed,15,Santa Rosa,EL CHACO,SANTA ROSA,santa rosa el chaco santa rosa,Excel Colección Principal 25-sep-2026; alta por curación,True
ADM-7d05686b-1892-5b7b-ab1f-114e4f243c16,17,Quebrada Yacupugna,,,quebrada yacupugna,Excel Colección Principal 25-sep-2026; alta por curación,True
ADM-8038fc24-6c00-5cde-8d4f-d264bf27d9e2,17,Capelo,,,capelo,Excel Colección Principal 25-sep-2026; alta por curación,True
ADM-ef8d0f8c-dcee-56b6-9cf1-a3d02364fb40,17,"Río Alambi, SECtor Guarumos OCP, Nono",DISTRITO METROPOLITANO DE QUITO,NONO,rio alambi sector guarumos ocp nono quito nono,Excel Colección Principal 25-sep-2026; alta por curación,True
ADM-d5a7313d-8779-59bc-8af9-6b1daea2daf7,15,Río Inchillaqui,,,rio inchillaqui,Excel Colección Principal 25-sep-2026; alta por curación,True
ADM-16f3ce50-3ced-547a-86d7-02065b6b509f,10,"Intag, San Luis de Toabunchi, Selva Alegre",OTAVALO,SELVA ALEGRE,intag san luis de toabunchi selva alegre otavalo selva alegre,Excel Colección Principal 25-sep-2026; alta por curación,True
ADM-b172ad6d-1056-5279-ac37-897477d14871,17,"Mindo, Mindo",SAN MIGUEL DE LOS BANCOS,MINDO,mindo mindo san miguel de los bancos mindo,Excel Colección Principal 25-sep-2026; alta por curación,True
ADM-d7438d9d-59ba-52e2-84ee-32860c4413fe,16,"Parque Nacional Yasuní, Lorocachi, Batallón de Selva 48, sendero Sangay, Curaray",PASTAZA,RÍO TIGRE,parque nacional yasuni lorocachi batallon de selva 48 sendero sangay curaray rio tigre,Excel Colección Principal 25-sep-2026; alta por curación,True
ADM-acbda24c-fab3-5bfa-b946-9e2622a809ad,14,"Untsuants, Sitio 7",,,untsuants sitio 7,Excel Colección Principal 25-sep-2026; alta por curación,True
ADM-6c670275-1189-5535-9a76-011e7337cdfe,14,Angel Rouby,,,angel rouby,Excel Colección Principal 25-sep-2026; alta por curación,True
ADM-12d407ee-f086-513f-9475-b7289f5e83e1,17,Campus Escuela Politécnica Nacional,Quito,,campus escuela politecnica nacional quito,Excel Colección Principal 25-sep-2026; alta por curación,True
ADM-1422c6eb-b634-5094-a4c9-33dd62888448,17,"Quito, Bario Nuevo, Parque Chino",DISTRITO METROPOLITANO DE QUITO,QUITO,quito bario nuevo parque chino quito,Excel Colección Principal 25-sep-2026; alta por curación,True
ADM-852afc10-4d36-5f1e-a60f-26285f6e9c62,17,"San Antonio de Pichincha, Pie del Cerro Las Marcas, San Antonio de Pichincha",Quito,,san antonio de pichincha pie del cerro las marcas san antonio de pichincha quito,Excel Colección Principal 25-sep-2026; alta por curación,True
ADM-dc0d02cc-e210-5a68-a7b4-d08ef4b17118,11,"La Victoria, La Victoria, Manu",SARAGURO,MANÚ,la victoria la victoria manu saraguro manu,Excel Colección Principal 25-sep-2026; alta por curación,True
ADM-01f37916-bc13-50b2-ade4-d8eb612fd7a0,19,"Cordillera del Cóndor, La Salvación, Tundayme",EL PANGUI,TUNDAYME,cordillera del condor la salvacion tundayme el pangui tundayme,Excel Colección Principal 25-sep-2026; alta por curación,True
ADM-e2bd7d45-2851-52ef-9b65-f7488a1437fe,19,"Cordillera del Cóndor, Escombrera Noreste, Tundayme",EL PANGUI,TUNDAYME,cordillera del condor escombrera noreste tundayme el pangui tundayme,Excel Colección Principal 25-sep-2026; alta por curación,True
ADM-6b1bcb09-798f-54a7-81ee-2a4fa45ef841,19,"Cordillera del Cóndor, Punto de control, aproximadamente a 1 km del Polvorín, Tundayme",EL PANGUI,TUNDAYME,cordillera del condor punto de control aproximadamente a 1 km del polvorin tundayme el pangui tundayme,Excel Colección Principal 25-sep-2026; alta por curación,True
ADM-2b955563-af30-520b-a728-7efd2358de09,19,"Cordillera del Cóndor, Relavera de Tundayme, Tundayme",EL PANGUI,TUNDAYME,cordillera del condor relavera de tundayme tundayme el pangui tundayme,Excel Colección Principal 25-sep-2026; alta por curación,True
ADM-21118457-a799-5538-b984-55083280427e,19,"Cordillera del Cóndor, Dique de desvío, Tundayme",EL PANGUI,TUNDAYME,cordillera del condor dique de desvio tundayme el pangui tundayme,Excel Colección Principal 25-sep-2026; alta por curación,True
ADM-ae3f873b-a207-5aeb-986c-cb420f6b565b,19,"Cordillera del Cóndor, Planta de trituración, Tundayme",EL PANGUI,TUNDAYME,cordillera del condor planta de trituracion tundayme el pangui tundayme,Excel Colección Principal 25-sep-2026; alta por curación,True
ADM-f72e24cc-0acf-51d7-800b-7934841e49f7,19,"Cordillera del Cóndor, Planta de operaciones, Tundayme",EL PANGUI,TUNDAYME,cordillera del condor planta de operaciones tundayme el pangui tundayme,Excel Colección Principal 25-sep-2026; alta por curación,True
ADM-6183df4b-cbad-5937-b56e-fd057b44aa42,10,"Cuenca media río Magdalena, Bosque Protector Los Cedros, sendero Brasilargo, García Moreno (Llurimagua)",COTACACHI,GARCÍA MORENO,cuenca media rio magdalena bosque protector los cedros sendero brasilargo garcia moreno llurimagua cotacachi garcia moreno,Excel Colección Principal 25-sep-2026; alta por curación,True
ADM-1bd51f7b-cf7a-5a9d-a3bb-f710a69bae0b,08,"Reserva ECológica Mache Chindul, Estación Biológica Bilsa, Rosa Zárate",QUININDÉ,CUBE,reserva ecologica mache chindul estacion biologica bilsa rosa zarate quinie cube,Excel Colección Principal 25-sep-2026; alta por curación,True
ADM-5f866800-f834-5f2f-a4a2-ecdcaedcee1b,17,"Mindo, Reserva Río Bravo, Mindo",SAN MIGUEL DE LOS BANCOS,MINDO,mindo reserva rio bravo mindo san miguel de los bancos mindo,Excel Colección Principal 25-sep-2026; alta por curación,True
ADM-056c157c-aabd-58ad-a746-3147a1ddae86,19,"Cordillera del Cóndor, Concesión Emperadora, Paquisha alto T2",PAQUISHA,PAQUISHA,cordillera del condor concesion emperadora paquisha alto t2 paquisha paquisha,Excel Colección Principal 25-sep-2026; alta por curación,True
ADM-eb5b83f7-a6cf-5c55-818a-54fdc6069658,15,"Reserva Etnica Waorani, Comunidad kichwa Omagua km. 62, La Belleza",,,reserva etnica waorani comunidad kichwa omagua km 62 la belleza,Excel Colección Principal 25-sep-2026; alta por curación,True
ADM-2a3d40ef-090e-550b-9c68-98ab82d76098,15,"Reserva Etnica Waorani, Comunidad Shuar Nantip, Dayuma",Orellana,,reserva etnica waorani comunidad shuar nantip dayuma orellana,Excel Colección Principal 25-sep-2026; alta por curación,True
ADM-5b0b4636-5413-5810-98cb-94d4d1150e76,22,"Comunidad Wao, Inés Arango",FRANCISCO DE ORELLANA,INÉS ARANGO (CAB. EN WESTERN),comunidad wao ines arango orellana ines arango cab en western,Excel Colección Principal 25-sep-2026; alta por curación,True
ADM-8c67eb9a-1447-53e2-8923-2c6ca59cdab1,14,"Cordillera del Cóndor, Tundayme, Colibrí-Goldmarca, Machinaza river",GUALAQUIZA,BOMBOÍZA,cordillera del condor tundayme colibri goldmarca machinaza river bomboiza,Excel Colección Principal 25-sep-2026; alta por curación,True
ADM-d8895882-dc50-50dd-aeba-c86f55c6bb9e,08,Zabalito,,,zabalito,Excel Colección Principal 25-sep-2026; alta por curación,True
ADM-193fc27f-63d1-5650-b624-e8d8f79ac1c1,08,Gallinazo,,,gallinazo,Excel Colección Principal 25-sep-2026; alta por curación,True
ADM-d3a0a390-2c91-5a05-98e8-cb3486424fde,17,"Quito, Barrio Cotocollao, Cotocollao",DISTRITO METROPOLITANO DE QUITO,QUITO,quito barrio cotocollao cotocollao quito quito,Excel Colección Principal 25-sep-2026; alta por curación,True
ADM-09988d00-4214-5b7d-b36b-a576310a903c,22,"Parque Nacional Yasuní, Onkonegare",FRANCISCO DE ORELLANA,ALEJANDRO LABAKA,parque nacional yasuni onkonegare alejandro labaka,Excel Colección Principal 25-sep-2026; alta por curación,True
ADM-d9660bd4-4574-5a5d-8b44-05c618a1dbea,16,"Parque Nacional Yasuní, Lorocachi, Batallón de Selva 48, sendero Sangay-2, Curaray",PASTAZA,RÍO TIGRE,parque nacional yasuni lorocachi batallon de selva 48 sendero sangay 2 curaray arajuno rio tigre,Excel Colección Principal 25-sep-2026; alta por curación,True
ADM-2179ade0-8f8f-5a3d-8136-c79ab30158ef,16,"Parque Nacional Yasuní, Bameno, Comunidad Waorani, Curaray",ARAJUNO,CURARAY,parque nacional yasuni bameno comunidad waorani curaray arajuno curaray,Excel Colección Principal 25-sep-2026; alta por curación,True
ADM-25f42b92-5638-5766-a9a8-3b10e3e947ca,14,"Angel Rouby, Sitio 10",,,angel rouby sitio 10,Excel Colección Principal 25-sep-2026; alta por curación,True
ADM-6f5c2329-c2b7-5353-af71-21293358592b,19,"Cordillera del Cóndor, Reserva El Zarza",YANTZAZA,LOS ENCUENTROS,cordillera del condor reserva el zarza los encuentros,Excel Colección Principal 25-sep-2026; alta por curación,True
ADM-f7836714-a38f-5300-ba48-5f9f19d78058,08,"Cuartel II, Tsejpi",,,cuartel ii tsejpi,Excel Colección Principal 25-sep-2026; alta por curación,True
ADM-d999b61d-abee-5de6-ae70-5ba194602d58,08,Guadual,,,guadual,Excel Colección Principal 25-sep-2026; alta por curación,True
ADM-a698133a-c991-5930-a3ed-9a177d736fba,19,"Cordillera del Cóndor, Concesión Colibrí, Compañía Kinross, Paquisha",PAQUISHA,PAQUISHA,cordillera del condor concesion colibri compania kinross paquisha paquisha paquisha,Excel Colección Principal 25-sep-2026; alta por curación,True
ADM-a40fb1a6-27fb-59b8-8597-4bff80af1443,10,"Valle de los Manduriacus, San Jose de Magdalena, Garcia Moreno",COTACACHI,GARCÍA MORENO,valle de los manduriacus san jose de magdalena garcia moreno cotacachi garcia moreno,Excel Colección Principal 25-sep-2026; alta por curación,True
ADM-2b39d991-7403-593b-b37c-732b0d6a5c74,15,"Cordillera de los Guacamayos, Estación de Bombeo Sarayacu, Cotundo",ARCHIDONA,COTUNDO,cordillera de los guacamayos estacion de bombeo sarayacu cotundo archidona cotundo,Excel Colección Principal 25-sep-2026; alta por curación,True
ADM-6e7a31d2-cc24-5da8-a883-a9c0af41245e,15,"Reserva ECológica Antizana, Estación Vinillos, Cotundo",QUIJOS,COSANGA,reserva ecologica antizana estacion vinillos cotundo archidona cosanga,Excel Colección Principal 25-sep-2026; alta por curación,True
ADM-7f355d62-025a-5e6f-8aa9-7b82c81acb94,15,Estación de Biodiversidad Sarayacu,,,estacion de biodiversidad sarayacu,Excel Colección Principal 25-sep-2026; alta por curación,True
ADM-569b12bf-d9b2-5895-a1b4-375fa3893ea3,01,"Cantón Camilo Ponce Enríquez, Santa Marta, a 8 km Oeste de Gena, Camilo Ponce Enríquez",CAMILO PONCE ENRÍQUEZ,CAMILO PONCE ENRÍQUEZ,canton camilo ponce enriquez santa marta a 8 km oeste de gena camilo ponce enriquez camilo ponce enriquez camilo ponce enriquez,Excel Colección Principal 25-sep-2026; alta por curación,True
ADM-de0a26d2-878c-575a-889d-f6f7dbaa1efe,08,"Reserva Ecológica Mache Chindul, Reserva Biológica Bilsa",QUININDÉ,CUBE,reserva ecologica mache chindul reserva biologica bilsa cube,Excel Colección Principal 25-sep-2026; alta por curación,True
ADM-8b62de99-3da3-5997-81ed-b65b6db50fff,21,"Reserva ECológica Cayambe Coca, A 7 km Oeste de Lumbaqui",GONZALO PIZARRO,LUMBAQUÍ,reserva ecologica cayambe coca a 7 km oeste de lumbaqui gonzalo pizarro lumbaqui,Excel Colección Principal 25-sep-2026; alta por curación,True
ADM-a15441ea-aa42-55e6-84ad-40667e4c650f,11,"Catamayo, A 1 km Noreste del centro del poblado",CATAMAYO,CATAMAYO,catamayo a 1 km noreste del centro del poblado catamayo catamayo,Excel Colección Principal 25-sep-2026; alta por curación,True
ADM-f1ee1a25-db6a-5dd2-93de-52cfd803d5e1,22,"Parque Nacional Yasuní, A 25 km Sur de Limoncocha, Dayuma",FRANCISCO DE ORELLANA,DAYUMA,parque nacional yasuni a 25 km sur de limoncocha dayuma orellana dayuma,Excel Colección Principal 25-sep-2026; alta por curación,True
ADM-4989bc88-5be1-5a98-9f8b-eb70fe122821,22,San José de Guayusa,FRANCISCO DE ORELLANA,SAN JOSÉ DE GUAYUSA,san jose de guayusa loreto san jose de guayusa,Excel Colección Principal 25-sep-2026; alta por curación,True
ADM-da384d0e-3180-5af7-bb71-a441480cf3ad,08,Reserva Río Canandé,ELOY ALFARO,SANTO DOMINGO DE ONZOLE,reserva rio canande santo domingo de onzole,Excel Colección Principal 25-sep-2026; alta por curación,True
ADM-759f1d74-d0de-5cb9-833a-fc4fc23a34d7,17,"Quito, Bosque Protector Pichincha, Quito",DISTRITO METROPOLITANO DE QUITO,QUITO,quito bosque protector pichincha quito quito quito,Excel Colección Principal 25-sep-2026; alta por curación,True
ADM-d71a8ebc-aa8e-5d77-821e-252157294264,22,"Parque Nacional Yasuní, Afluente río Pindoyacu, Bloque 31, Dayuma",FRANCISCO DE ORELLANA,DAYUMA,parque nacional yasuni afluente rio pindoyacu bloque 31 dayuma orellana dayuma,Excel Colección Principal 25-sep-2026; alta por curación,True
ADM-4d7f9edf-eb3b-5aeb-9ec4-1b9d440b6446,19,Río Blanco,,,rio blanco,Excel Colección Principal 25-sep-2026; alta por curación,True
ADM-5e7f3a29-3abb-5c0d-ac9a-a7821fb656f2,16,"Villano, Bloque 10, Curaray",ARAJUNO,CURARAY,villano bloque 10 curaray arajuno curaray,Excel Colección Principal 25-sep-2026; alta por curación,True
ADM-25c8d97e-1bdf-582d-9f3d-3581671b84d6,19,"Cordillera del Cóndor, Yanatzu, 12 km NE Fruta del Norte",YANTZAZA,LOS ENCUENTROS,cordillera del condor yanatzu 12 km ne fruta del norte yantzaza los encuentros,Excel Colección Principal 25-sep-2026; alta por curación,True
ADM-0ca137dc-3a85-5d63-a868-2a85c3c14965,17,"Reserva Pululahua, Vía Chaupisacha",,,reserva pululahua via chaupisacha,Excel Colección Principal 25-sep-2026; alta por curación,True
ADM-1170feb1-8c1e-5ef8-87d0-8a6a69de0314,21,"MPF-CITY, Tarapoa",CUYABENO,TARAPOA,mpf city tarapoa cuyabeno tarapoa,Excel Colección Principal 25-sep-2026; alta por curación,True
ADM-f781c65b-fc42-5dcd-b6eb-f991b02eb6ef,21,"Bermejo, Pozo Rayo, El Dorado de Cascales",CASCALES,EL DORADO DE CASCALES,bermejo pozo rayo el dorado de cascales cascales el dorado de cascales,Excel Colección Principal 25-sep-2026; alta por curación,True
ADM-a8313928-aa08-59d1-9f70-d0acd16688ea,01,Camilo Ponce Enríquez,CAMILO PONCE ENRÍQUEZ,CAMILO PONCE ENRÍQUEZ,camilo ponce enriquez camilo ponce enriquez camilo ponce enriquez,Excel Colección Principal 25-sep-2026; alta por curación,True
ADM-7bb9a457-6d99-5391-afa7-ce4479a03bdb,22,"Parque Nacional Sumaco-Galeras, A 1.5 km Norte de Boca Dashiño, San José de Guayusa",FRANCISCO DE ORELLANA,SAN JOSÉ DE GUAYUSA,parque nacional sumaco galeras a 1 5 km norte de boca dashino san jose de guayusa orellana san jose de guayusa,Excel Colección Principal 25-sep-2026; alta por curación,True
ADM-edaf996c-87fc-524a-87d8-767cd24da019,15,"Cantón Tena, A 2.5 km Noreste de Universidad Ikiam",TENA,SAN JUAN DE MUYUNA,canton tena a 2 5 km noreste de universidad ikiam tena san juan de muyuna,Excel Colección Principal 25-sep-2026; alta por curación,True
ADM-73fcdcf8-79c7-539d-afa3-c2ee0e8116e4,14,"Cordillera del Cóndor, A 15 km Este de Los Encuentros,",,,cordillera del condor a 15 km este de los encuentros,Excel Colección Principal 25-sep-2026; alta por curación,True
ADM-22dbceff-1577-57a1-9bf3-9bbd2efb0561,19,"Cordillera del Cóndor, 3 km W Fruta del Norte",YANTZAZA,LOS ENCUENTROS,cordillera del condor 3 km w fruta del norte los encuentros,Excel Colección Principal 25-sep-2026; alta por curación,True
ADM-31894130-7ced-5a7c-9a5d-3f05817a9f7a,17,"Valle de Guayllabamba, A 8 km Suroeste de Malchinguí",PEDRO MONCAYO,MALCHINGUÍ,valle de guayllabamba a 8 km suroeste de malchingui malchingui,Excel Colección Principal 25-sep-2026; alta por curación,True
ADM-22f92d5f-623e-5c2b-8b0c-bfe1886fba3b,16,Cuenca Río Bobonaza,,,cuenca rio bobonaza,Excel Colección Principal 25-sep-2026; alta por curación,True
ADM-14599291-20fb-595c-ba24-0186ec59474e,17,Barrio Quito Norte,Quito,,barrio quito norte quito,Excel Colección Principal 25-sep-2026; alta por curación,True
ADM-1697622f-f25b-52d6-8b2d-b36023f752b7,22,"Parque Nacional Yasuní, Dayuma",FRANCISCO DE ORELLANA,DAYUMA,parque nacional yasuni dayuma orellana dayuma,Excel Colección Principal 25-sep-2026; alta por curación,True
ADM-2d7e4624-3498-5f9c-887c-89b94a136fa2,11,"Malacatos, Malacatos",LOJA,MALACATOS,malacatos malacatos loja malacatos,Excel Colección Principal 25-sep-2026; alta por curación,True
ADM-513bdb17-c4e3-5450-9f15-356b592af3b5,19,Cordillera del Cóndor,ZAMORA,ZAMORA,cordillera del condor zamora,Excel Colección Principal 25-sep-2026; alta por curación,True
ADM-b8eb9b96-d9d9-5b06-961e-fd5f3d8a7498,17,"Quito, Campus Escuela Politécnica Nacional, La Floresta",DISTRITO METROPOLITANO DE QUITO,QUITO,quito campus escuela politecnica nacional la floresta quito quito,Excel Colección Principal 25-sep-2026; alta por curación,True
ADM-b71cdf28-7268-5198-87ec-f38b51b4f49e,19,"Bosque Protector Alto Nangaritza, Reserva Cerro Plateado",CHINCHIPE,ZUMBA,bosque protector alto nangaritza reserva cerro plateado zumba,Excel Colección Principal 25-sep-2026; alta por curación,True
ADM-f776fcde-3ba3-5d66-861f-fc60089b54ad,21,Lago Agrio,LAGO AGRIO,NUEVA LOJA,lago agrio putumayo nueva loja,Excel Colección Principal 25-sep-2026; alta por curación,True
ADM-b11a8d6d-2d01-54b8-b182-bdbfe7727020,19,"Princesa, , Paquisha",PAQUISHA,PAQUISHA,princesa paquisha paquisha paquisha,Excel Colección Principal 25-sep-2026; alta por curación,True
ADM-894eb549-b2b0-5ee7-9d9c-87ce4ac30240,14,"Macas, P. Hidroabanico, Alshi (Cab en 9 de Octubre)",MORONA,GENERAL PROAÑO (CAB. EN BARAHONA),macas p hidroabanico alshi cab en 9 de octubre morona general proano cab en barahona,Excel Colección Principal 25-sep-2026; alta por curación,True
ADM-310648fe-5dde-5dfc-bedf-dd77f52df5ca,16,Arajuno,ARAJUNO,ARAJUNO,arajuno arajuno,Excel Colección Principal 25-sep-2026; alta por curación,True
ADM-6b5a081a-8210-5453-9ab1-f85dc1c5734f,17,"Miraflores, Quito",DISTRITO METROPOLITANO DE QUITO,QUITO,miraflores quito quito quito,Excel Colección Principal 25-sep-2026; alta por curación,True
ADM-ee5137ef-c224-5190-ae42-bd71c1583d02,10,Reserva Bosque Protector Los Cedros,COTACACHI,GARCÍA MORENO,reserva bosque protector los cedros chontal garcia moreno,Excel Colección Principal 25-sep-2026; alta por curación,True
ADM-ef1e84fa-cf5d-5167-a667-3445e69fc380,21,"Bloque Tarapoa, Pozo Isabel",CUYABENO,TARAPOA,bloque tarapoa pozo isabel cuyabeno tarapoa,Excel Colección Principal 25-sep-2026; alta por curación,True
ADM-9ecb5413-65c9-5a7e-91a1-e2a18099ac81,21,"Río Aguarico, Cuyabeno, Puerto Cuyabeno",CUYABENO,AGUAS NEGRAS,rio aguarico cuyabeno puerto cuyabeno cuyabeno aguas negras,Excel Colección Principal 25-sep-2026; alta por curación,True
ADM-e26f6351-4eb0-55cf-b6e3-70e7a331224c,10,Boque Protector Los Cedros,COTACACHI,GARCÍA MORENO,boque protector los cedros garcia moreno,Excel Colección Principal 25-sep-2026; alta por curación,True
ADM-3b17ed21-6d7c-569b-b315-b9201d017f4a,08,Reserva ECológica Cotacachi Cayapas,ELOY ALFARO,TELEMBÍ,reserva ecologica cotacachi cayapas telembi,Excel Colección Principal 25-sep-2026; alta por curación,True
ADM-2febcae0-98d1-5152-890f-8ef7cadf8e2e,22,"Parque Nacional Yasuní, Cononaco",AGUARICO,CONONACO,parque nacional yasuni cononaco aguarico cononaco,Excel Colección Principal 25-sep-2026; alta por curación,True
ADM-2393513d-9983-517f-bded-73a7591f08ef,22,"Parque Nacional Yasuní, Capitán Augusto Rivadeneyra",AGUARICO,CAPITÁN AUGUSTO RIVADENEYRA,parque nacional yasuni capitan augusto rivadeneyra aguarico capitan augusto rivadeneyra,Excel Colección Principal 25-sep-2026; alta por curación,True
ADM-25dee2ba-8812-5fbb-8866-881845d72999,17,Las Tolas,Nanegalito,,las tolas nanegalito,Excel Colección Principal 25-sep-2026; alta por curación,True
ADM-6b4e7572-8a74-555d-8fc6-52bc285df0a4,15,Papallacta,QUIJOS,PAPALLACTA,papallacta quijos papallacta,Excel Colección Principal 25-sep-2026; alta por curación,True
ADM-8315e96a-ddb0-55fd-bd7d-11d37368c420,15,Reserva Etnica Waorani,,,reserva etnica waorani,Excel Colección Principal 25-sep-2026; alta por curación,True
ADM-ab781ce2-18f3-5f18-8d6a-2028264e7fe9,15,Hacienda San Jorge,,,hacienda san jorge,Excel Colección Principal 25-sep-2026; alta por curación,True
ADM-c37a60d2-1e65-5a32-9872-995759d817b1,17,Las Palmas,,,las palmas,Excel Colección Principal 25-sep-2026; alta por curación,True
ADM-5659a651-2cde-5a55-98e1-3af1de86dbf3,21,"Reserva de Producción Faunística Cuyabeno, Pto. El Carmen del Putumayo",PUTUMAYO,PUERTO EL CARMEN DEL PUTUMAYO,reserva de produccion faunistica cuyabeno pto el carmen del putumayo putumayo puerto el carmen del putumayo,Excel Colección Principal 25-sep-2026; alta por curación,True
ADM-1c9dff58-af19-57d4-801c-8a688dda73a0,15,"Parque Nacional Yasuní, Estación de Biodiversidad Tiputini",,,parque nacional yasuni estacion de biodiversidad tiputini,Excel Colección Principal 25-sep-2026; alta por curación,True
ADM-32dd7ca3-77a1-57f0-af9f-cec30f7415a1,16,Cuenca Villano,,,cuenca villano,Excel Colección Principal 25-sep-2026; alta por curación,True
ADM-1f0f15c8-8523-51a6-b056-6dfafc946be6,16,"Plataforma ""Villano A"", Curaray",ARAJUNO,CURARAY,plataforma villano a curaray arajuno curaray,Excel Colección Principal 25-sep-2026; alta por curación,True
ADM-ff96c646-7144-5cd4-93dd-3c0b014ea3e4,22,"Reserva Etnica Waorani, Cononaco",AGUARICO,CONONACO,reserva etnica waorani cononaco aguarico cononaco,Excel Colección Principal 25-sep-2026; alta por curación,True
ADM-aa7d9b22-9556-52ce-abce-5ad9985eb2d4,17,Mindo,SAN MIGUEL DE LOS BANCOS,MINDO,mindo san miguel de los bancos mindo,Excel Colección Principal 25-sep-2026; alta por curación,True
ADM-27af83b0-9889-51c4-9d97-58aa9fb8a318,15,"Santa Rosa, Noroeste de puente sobre río Ahuano, Via a Sta Rosa 27 Km al NE del puente sobre el rio Ahuano",TENA,AHUANO,santa rosa noroeste de puente sobre rio ahuano via a sta rosa 27 km al ne del puente sobre el rio ahuano tena ahuano,Excel Colección Principal 25-sep-2026; alta por curación,True
ADM-b936057d-c600-5993-ad6b-7d43e3d38d59,15,"Papallacta, Papallacta",QUIJOS,PAPALLACTA,papallacta papallacta quijos papallacta,Excel Colección Principal 25-sep-2026; alta por curación,True
ADM-3534afb7-e53b-5bed-a68c-f993331330c9,17,Hostal. Valle Hermoso,,,hostal valle hermoso,Excel Colección Principal 25-sep-2026; alta por curación,True
ADM-95194008-256d-5425-9916-47c62181aad5,22,Rumipamba,LA JOYA DE LOS SACHAS,RUMIPAMBA,rumipamba joya de los sachas rumipamba,Excel Colección Principal 25-sep-2026; alta por curación,True
ADM-5ce03b34-101a-5681-b6fd-2035c190310e,22,Chontayacu,LORETO,PUERTO MURIALDO,chontayacu chontayacu puerto murialdo,Excel Colección Principal 25-sep-2026; alta por curación,True
ADM-dae841b3-d01f-5d49-b13f-cc4bbfc51621,22,"Parque Nacional Yasuní, Onkonegare",FRANCISCO DE ORELLANA,ALEJANDRO LABAKA,parque nacional yasuni onkonegare alejaro labaka alejandro labaka,Excel Colección Principal 25-sep-2026; alta por curación,True
ADM-2274b5bb-4461-5145-801d-8c602a62c519,15,"Campococha, 1 km E. Campococha",,,campococha 1 km e campococha,Excel Colección Principal 25-sep-2026; alta por curación,True
ADM-b77c94d5-269a-5bbc-ab5e-b0b06cfdbd76,23,Km. 50 Vía Quevedo,SANTO DOMINGO,SAN JACINTO DEL BÚA,km 50 via quevedo km 50 via a quevedo san jacinto del bua,Excel Colección Principal 25-sep-2026; alta por curación,True
ADM-f6993972-35d3-5af8-96d7-1307fbf111b7,23,"Km. 25 Vía Monterrey, Monterrey",La Concordia,MONTERREY,km 25 via monterrey monterrey la concordia monterrey,Excel Colección Principal 25-sep-2026; alta por curación,True
ADM-482dcf1d-be19-57d0-9ebb-1de7a9c6b1af,01,"Princesa, Río Blanco, Río Blanco",CUENCA,MOLLETURO,princesa rio blanco rio blanco gualaceo molleturo,Excel Colección Principal 25-sep-2026; alta por curación,True
ADM-242fe98d-34fb-5380-9d03-7ac21af89c33,21,"Río Dashiño, Gonzalo Pizarro",GONZALO PIZARRO,GONZALO PIZARRO,rio dashino gonzalo pizarro gonzalo pizarro gonzalo pizarro,Excel Colección Principal 25-sep-2026; alta por curación,True
ADM-b9c6df18-c219-5137-8436-d3d07da106d9,17,"Reserva Orquideológica El Pahuma, Entrada de reserva",Quito,,reserva orquideologica el pahuma entrada de reserva quito,Excel Colección Principal 25-sep-2026; alta por curación,True
ADM-9d18b66f-5b42-5a5f-87b3-29b62bef807c,10,"Junín, García Moreno",COTACACHI,GARCÍA MORENO,junin garcia moreno cotacachi garcia moreno,Excel Colección Principal 25-sep-2026; alta por curación,True
ADM-d8fc6677-2ffd-520a-93e2-4280c053b9de,17,San José de Monjas,DISTRITO METROPOLITANO DE QUITO,CONOCOTO,san jose de monjas quito conocoto,Excel Colección Principal 25-sep-2026; alta por curación,True
ADM-03f15be2-6a9c-5eee-aaab-83ae76dd7189,04,"El Goaltal, El Goaltal",ESPEJO,EL GOALTAL,el goaltal el goaltal espejo el goaltal,Excel Colección Principal 25-sep-2026; alta por curación,True
ADM-bad0c484-fa7c-5889-b1d9-8375f441772a,21,"Río Aguarico, El Dorado de Cascales",CASCALES,EL DORADO DE CASCALES,rio aguarico el dorado de cascales cascales el dorado de cascales,Excel Colección Principal 25-sep-2026; alta por curación,True
ADM-16b90b72-3051-5269-a54d-cc980865ddb1,19,"Reserva Biológica Tapichalaca, Valladolid",PALANDA,VALLADOLID,reserva biologica tapichalaca valladolid palaa valladolid,Excel Colección Principal 25-sep-2026; alta por curación,True
ADM-60fdc98c-353f-5e3e-bbe4-abc8f98229b9,15,Campococha,,,campococha,Excel Colección Principal 25-sep-2026; alta por curación,True
ADM-9aef204f-b4c2-5059-b2cd-7c7d4b4d6898,15,"Quijos, Cosanga, Sierra Azul, Valle Hermoso, Vía al Tena, Archidona, Cotundo",ARCHIDONA,COTUNDO,quijos cosanga sierra azul valle hermoso via al tena archidona cotundo archidona cotundo,Excel Colección Principal 25-sep-2026; alta por curación,True
ADM-2924924f-b63e-5151-8ca9-1472cd2885cb,15,"Laguna de Papallacta, Papallacta",QUIJOS,PAPALLACTA,laguna de papallacta papallacta quijos papallacta,Excel Colección Principal 25-sep-2026; alta por curación,True
ADM-19a47e69-3cd0-5039-9b1c-02851ea0f053,10,"Intag, Selva Alegre",OTAVALO,SELVA ALEGRE,intag selva alegre otavalo selva alegre,Excel Colección Principal 25-sep-2026; alta por curación,True
ADM-dc008dec-dbfd-5962-802f-d1c10cb6e18d,17,"Chiriboga, Estación La Favorita, Lloa",DISTRITO METROPOLITANO DE QUITO,LLOA,chiriboga estacion la favorita lloa quito lloa,Excel Colección Principal 25-sep-2026; alta por curación,True
ADM-d0447632-450d-53f7-be07-d5468e5082ab,08,"H. La Pradera, Rosa Zárate",QUININDÉ,ROSA ZÁRATE,h la pradera rosa zarate quinie rosa zarate,Excel Colección Principal 25-sep-2026; alta por curación,True
ADM-ce6ec917-5ca7-5fd3-8283-b8b082a7533e,17,"Río Cambugán, San José de Minas",DISTRITO METROPOLITANO DE QUITO,SAN JOSÉ DE MINAS,rio cambugan san jose de minas quito san jose de minas,Excel Colección Principal 25-sep-2026; alta por curación,True
ADM-8542ba62-02b2-5089-ae2c-29716451a074,17,Quito,DISTRITO METROPOLITANO DE QUITO,QUITO,quito quito quito,Excel Colección Principal 25-sep-2026; alta por curación,True
ADM-715a0776-a5c5-592d-b369-b330afc87427,10,"Valle del Chota, Lavandero,",IBARRA,AMBUQUÍ,valle del chota lavandero ambuqui,Excel Colección Principal 25-sep-2026; alta por curación,True
ADM-0e026d87-a5c6-5f1d-8420-085228d1a700,05,"Reserva Otonga, Las Pampas",SIGCHOS,LAS PAMPAS,reserva otonga las pampas sigchos las pampas,Excel Colección Principal 25-sep-2026; alta por curación,True
ADM-9c06e314-5641-5eca-bd0e-da58298fa8d1,18,"Faldas del Tungurahua, Baños",BAÑOS DE AGUA SANTA,BAÑOS,faldas del tungurahua banos banos banos,Excel Colección Principal 25-sep-2026; alta por curación,True
ADM-a2f6c018-4266-5167-b91c-3c1e7ff39ffc,15,"Yanayacu, Cosanga",QUIJOS,COSANGA,yanayacu cosanga quijos cosanga,Excel Colección Principal 25-sep-2026; alta por curación,True
ADM-b57f0f7d-770b-5970-a586-3a9ef85f7b48,17,"Quito, Quito",DISTRITO METROPOLITANO DE QUITO,QUITO,quito quito quito quito,Excel Colección Principal 25-sep-2026; alta por curación,True
ADM-9d3b3753-4576-5654-b9fc-6921060f2582,17,"Bosque Protector Milpe, San Miguel de los Bancos",SAN MIGUEL DE LOS BANCOS,SAN MIGUEL DE LOS BANCOS,bosque protector milpe san miguel de los bancos san miguel de los bancos san miguel de los bancos,Excel Colección Principal 25-sep-2026; alta por curación,True
ADM-b93f2c42-4e64-579a-a889-31ad5fffbe40,15,"La merced de Jondachi, Cotundo",ARCHIDONA,COTUNDO,la merced de jondachi cotundo archidona cotundo,Excel Colección Principal 25-sep-2026; alta por curación,True
ADM-9d23d779-5610-5cea-8517-c3e671bad2e2,22,"Parque Nacional Yasuní, Bloque 31 Chiru Isla, Capitán Augusto Rivadeneira",AGUARICO,CAPITÁN AUGUSTO RIVADENEYRA,parque nacional yasuni bloque 31 chiru isla capitan augusto rivadeneira aguarico capitan augusto rivadeneyra,Excel Colección Principal 25-sep-2026; alta por curación,True
ADM-44b052f6-f278-5338-b7a8-aaab1eb740d9,22,"Parque Nacional Yasuní, Río Tiputini, Km 32",FRANCISCO DE ORELLANA,DAYUMA,parque nacional yasuni rio tiputini km 32 orellana dayuma,Excel Colección Principal 25-sep-2026; alta por curación,True
ADM-380a05f1-7be7-5431-9b36-ce6adaf21545,17,"Río Alambi, Nono",DISTRITO METROPOLITANO DE QUITO,NONO,rio alambi nono quito nono,Excel Colección Principal 25-sep-2026; alta por curación,True
ADM-aa4df332-7bcf-5ad0-808a-f00d912b02d6,14,"Parque Nacional Sangay, Zuñac",MORONA,ZUÑA,parque nacional sangay zunac morona zuna,Excel Colección Principal 25-sep-2026; alta por curación,True
ADM-364320dc-5905-58a8-9762-71188b253696,14,San Isidro,MORONA,SINAÍ,san isidro morona sinai,Excel Colección Principal 25-sep-2026; alta por curación,True
ADM-cccaf18b-45d3-5bd2-a416-a292dce4795f,11,Catamayo,CATAMAYO,CATAMAYO,catamayo catamayo catamayo,Excel Colección Principal 25-sep-2026; alta por curación,True
ADM-e2742f40-9c25-5942-9d89-60f6bcb2293e,14,Shimpis,LOGROÑO,SHIMPIS,shimpis logrono shimpis,Excel Colección Principal 25-sep-2026; alta por curación,True
ADM-238718ea-3ecb-5ea3-8566-67a66d621de1,17,"Tandayapa, Nono",DISTRITO METROPOLITANO DE QUITO,NONO,tandayapa nono quito nono,Excel Colección Principal 25-sep-2026; alta por curación,True
ADM-d1b3397e-a0f9-5762-a2ac-fb7ef7b9bc22,01,"El Retorno y Monoloma, Camilo Ponce Enríquez",CAMILO PONCE ENRÍQUEZ,CAMILO PONCE ENRÍQUEZ,el retorno y monoloma camilo ponce enriquez camilo ponce enriquez camilo ponce enriquez,Excel Colección Principal 25-sep-2026; alta por curación,True
ADM-ce30e1ce-0b10-55b3-9389-e325595f60eb,01,"Gaby, Camilo Ponce Enríquez",CAMILO PONCE ENRÍQUEZ,CAMILO PONCE ENRÍQUEZ,gaby camilo ponce enriquez camilo ponce enriquez camilo ponce enriquez,Excel Colección Principal 25-sep-2026; alta por curación,True
ADM-b866bbbb-7919-5085-b0fe-57a5e348239b,17,Mindo,SAN MIGUEL DE LOS BANCOS,MINDO,mindo mindo,Excel Colección Principal 25-sep-2026; alta por curación,True
ADM-3b674deb-26a6-5cb8-bcc3-cb80e22d2cc3,17,"Río Inga, Tumbaco",DISTRITO METROPOLITANO DE QUITO,TUMBACO,rio inga tumbaco quito tumbaco,Excel Colección Principal 25-sep-2026; alta por curación,True
ADM-fd2bf549-d0be-53ca-9d8b-d4af4ea9030c,19,"Cordillera del Cóndor, Paquisha",PAQUISHA,PAQUISHA,cordillera del condor paquisha paquisha paquisha,Excel Colección Principal 25-sep-2026; alta por curación,True
ADM-79ce8303-baff-5215-b366-29b9d44115f2,14,"Kutukú, , Shimpis",LOGROÑO,SHIMPIS,kutuku shimpis logrono shimpis,Excel Colección Principal 25-sep-2026; alta por curación,True
ADM-f3579bb9-7aa3-5fcb-94a7-d64d5a150826,17,"Mindo, Bosque Protector Mindo-Nambillo, Mindo",SAN MIGUEL DE LOS BANCOS,MINDO,mindo bosque protector mindo nambillo mindo san miguel de los bancos mindo,Excel Colección Principal 25-sep-2026; alta por curación,True
ADM-fda752e9-7a95-5df3-aff1-5e8a4f17dbd2,19,"P. M . Mirador, El Guisme",EL PANGUI,EL GUISME,p m mirador el guisme el pangui el guisme,Excel Colección Principal 25-sep-2026; alta por curación,True
ADM-0e7bbbd3-2038-56a5-9ba2-83cec1329552,01,"Papa Grande, Camilo Ponce Enríquez",CAMILO PONCE ENRÍQUEZ,CAMILO PONCE ENRÍQUEZ,papa grande camilo ponce enriquez camilo ponce enriquez camilo ponce enriquez,Excel Colección Principal 25-sep-2026; alta por curación,True
ADM-4a227440-b545-5dd3-93ad-2d56efa6cba2,17,"Campus Escuela Politécnica Nacional, La Floresta",Quito,,campus escuela politecnica nacional la floresta quito,Excel Colección Principal 25-sep-2026; alta por curación,True
ADM-77383aae-3b08-5ceb-bf28-cc33406e0953,09,Guayaquil,DAULE,DAULE,guayaquil guayaquil daule,Excel Colección Principal 25-sep-2026; alta por curación,True
ADM-354ffc24-7715-57bb-89cd-bb462405d523,10,García Moreno,COTACACHI,GARCÍA MORENO,garcia moreno cotacachi garcia moreno,Excel Colección Principal 25-sep-2026; alta por curación,True
ADM-509849fd-70e6-514a-afcd-0d1a69904583,14,"Hidroeléctrica Sopladora, Santiago de Méndez",SANTIAGO,SANTIAGO DE MÉNDEZ,hidroelectrica sopladora santiago de mendez santiago santiago de mendez,Excel Colección Principal 25-sep-2026; alta por curación,True
ADM-0d31eec4-8a43-566e-8979-5f9689a87aaa,18,Río Negro,BAÑOS DE AGUA SANTA,RÍO NEGRO,rio negro banos de agua santa rio negro,Excel Colección Principal 25-sep-2026; alta por curación,True
ADM-a8ede491-0641-5df6-b9af-d9197314952a,17,Cumbayá,DISTRITO METROPOLITANO DE QUITO,CUMBAYÁ,cumbaya quito cumbaya,Excel Colección Principal 25-sep-2026; alta por curación,True
ADM-5d4aabf9-5c0b-5287-881e-fe30ca460a04,14,"Sardinayacu, Sardinayacu, Sinai",MORONA,SINAÍ,sardinayacu sardinayacu sinai morona sinai,Excel Colección Principal 25-sep-2026; alta por curación,True
ADM-df11a63e-5d0e-5c6b-a286-80def1b45df1,14,Sta. Susana de Chiviaza,LIMÓN INDANZA,SANTA SUSANA DE CHIVIAZA (CAB. EN CHIVIAZA),sta susana de chiviaza limon ianza santa susana de chiviaza cab en chiviaza,Excel Colección Principal 25-sep-2026; alta por curación,True
ADM-530c073d-1e26-52c7-8ea2-a23105b69354,21,"Río Aguarico (OCP), , Lumbaqui",GONZALO PIZARRO,LUMBAQUÍ,rio aguarico ocp lumbaqui gonzalo pizarro lumbaqui,Excel Colección Principal 25-sep-2026; alta por curación,True
ADM-da864ca1-4e2d-5778-bda9-e7b45fe2a5a5,15,Vía Loreto,,,via loreto,Excel Colección Principal 25-sep-2026; alta por curación,True
ADM-bab32211-3c11-5115-addc-3761d184cced,17,"Río Alambi, Guarumos, Nono",DISTRITO METROPOLITANO DE QUITO,NONO,rio alambi guarumos nono quito nono,Excel Colección Principal 25-sep-2026; alta por curación,True
ADM-ac6b0225-7fd2-5ba0-8d57-952fb046bb8f,21,"Río Aguarico, 8 Km. E de Lumbaqui, Lumbaqui",GONZALO PIZARRO,LUMBAQUÍ,rio aguarico 8 km e de lumbaqui lumbaqui gonzalo pizarro lumbaqui,Excel Colección Principal 25-sep-2026; alta por curación,True
ADM-e1269af2-e828-5109-b9e3-38b81e8d5c4d,22,"Río Payamino, Well Pad C, San José de Payamino",LORETO,SAN JOSÉ DE PAYAMINO,rio payamino well pad c san jose de payamino loreto san jose de payamino,Excel Colección Principal 25-sep-2026; alta por curación,True
ADM-84ee4342-27c3-57b0-9e30-46bcc805dd0b,17,"Cementerio del Batán, Quito",DISTRITO METROPOLITANO DE QUITO,QUITO,cementerio del batan quito quito quito,Excel Colección Principal 25-sep-2026; alta por curación,True
ADM-2c0da97a-43b3-50a1-96e4-adb39756ae42,17,"Monjas, Quito",DISTRITO METROPOLITANO DE QUITO,QUITO,monjas quito quito quito,Excel Colección Principal 25-sep-2026; alta por curación,True
ADM-b47c8876-ba8d-51ab-974f-3a763259b42c,16,"Villano, K 27",,,villano k 27,Excel Colección Principal 25-sep-2026; alta por curación,True
ADM-5dda9257-1812-5b78-909a-da7d5d8476c7,10,"Bosque Protector El Chontal, García Moreno",COTACACHI,GARCÍA MORENO,bosque protector el chontal garcia moreno cotacachi garcia moreno,Excel Colección Principal 25-sep-2026; alta por curación,True
ADM-cba0bb75-4625-5783-85bf-ad00d56406d6,15,"Río Papallacta, Papallacta",QUIJOS,PAPALLACTA,rio papallacta papallacta quijos papallacta,Excel Colección Principal 25-sep-2026; alta por curación,True
ADM-28adc2c6-caf4-557f-8cef-bb2bc326262f,17,San Miguel de los Bancos,SAN MIGUEL DE LOS BANCOS,SAN MIGUEL DE LOS BANCOS,san miguel de los bancos san miguel de los bancos san miguel de los bancos,Excel Colección Principal 25-sep-2026; alta por curación,True
ADM-0692cfef-dd8d-5dd8-9411-6ffafac3936d,15,El Chaco,EL CHACO,EL CHACO,el chaco el chaco el chaco,Excel Colección Principal 25-sep-2026; alta por curación,True
ADM-4051544b-e5e8-59e4-8935-c16e0edad6d7,11,"Cajanuma, Loja",LOJA,LOJA,cajanuma loja loja loja,Excel Colección Principal 25-sep-2026; alta por curación,True
ADM-b745b6f6-2cf7-5cc7-ba35-298058388cf6,15,Confluencia Río Quijos y el Salado,El Chaco,,confluencia rio quijos y el salado el chaco,Excel Colección Principal 25-sep-2026; alta por curación,True
ADM-a5c4d12d-a05b-5e44-882b-753dd081b72b,14,"Cordillera de Domono Alto, San Isidro",MORONA,SINAÍ,cordillera de domono alto san isidro morona sinai,Excel Colección Principal 25-sep-2026; alta por curación,True
ADM-14fcad21-68cc-5766-bd2d-f3ad537fdac9,17,"San Juan, Quito",DISTRITO METROPOLITANO DE QUITO,QUITO,san juan quito quito quito,Excel Colección Principal 25-sep-2026; alta por curación,True
ADM-05ce3417-adb4-5bd7-8609-f9e157f04454,15,"Papallacta, Sardinas",EL CHACO,SARDINAS,papallacta sardinas el chaco sardinas,Excel Colección Principal 25-sep-2026; alta por curación,True
ADM-4c0805da-cf0a-5ecd-81b8-533efbc48e9a,11,"La Toma, Catamayo",CATAMAYO,CATAMAYO,la toma catamayo catamayo catamayo,Excel Colección Principal 25-sep-2026; alta por curación,True
ADM-764e742d-d70c-5778-870d-e0bf6eebeb8d,22,"Parque Nacional Yasuní, Apaika Sur Bloque 31, Cononaco",AGUARICO,CONONACO,parque nacional yasuni apaika sur bloque 31 cononaco aguarico cononaco,Excel Colección Principal 25-sep-2026; alta por curación,True
ADM-52fb3490-3aef-5f5e-b2e5-3e10ff82e798,13,"Escuela Formación Policías, Calceta",BOLÍVAR,CALCETA,escuela formacion policias calceta bolivar calceta,Excel Colección Principal 25-sep-2026; alta por curación,True
ADM-c9663b89-ab0a-5719-928b-dd59a2ad75d8,01,Santa Isabel,SANTA ISABEL,SANTA ISABEL,santa isabel santa isabel santa isabel,Excel Colección Principal 25-sep-2026; alta por curación,True
ADM-28090d0a-0732-53fc-b397-98cf14fb7911,14,"Limón Indanza, Cord. Kekuim, Chiguinda",GUALAQUIZA,CHIGÜINDA,limon indanza cord kekuim chiguinda gualaquiza chiguinda,Excel Colección Principal 25-sep-2026; alta por curación,True
ADM-5567fed4-3b22-5f6c-92e1-b78d121e0c9a,16,Villano,,,villano,Excel Colección Principal 25-sep-2026; alta por curación,True
ADM-1eccc6b0-d926-5e36-b097-bf20341f2412,16,Villano CPF,,,villano cpf,Excel Colección Principal 25-sep-2026; alta por curación,True
ADM-599f1636-3b39-5bf1-a1e6-6845f3445864,19,"El Pangui, P. M. Mirador, El Guisme",EL PANGUI,EL GUISME,el pangui p m mirador el guisme el pangui el guisme,Excel Colección Principal 25-sep-2026; alta por curación,True
ADM-af1428b6-c4e2-50c6-89b4-e4b10d54ab40,04,"Bosque de Morán, Maldonado",ESPEJO,EL GOALTAL,bosque de moran maldonado tulcan el goaltal,Excel Colección Principal 25-sep-2026; alta por curación,True
ADM-bb58b286-7b11-5175-b11d-dcda0a08f35a,19,"Cordillera del Cóndor, Concesión Sachavaca 1, Paquisha",PAQUISHA,PAQUISHA,cordillera del condor concesion sachavaca 1 paquisha paquisha paquisha,Excel Colección Principal 25-sep-2026; alta por curación,True
ADM-3df520f7-5aec-5253-a634-b62f071b6865,15,"Parque Nacional Sumaco-Galeras, Napo-Galeras",,,parque nacional sumaco galeras napo galeras,Excel Colección Principal 25-sep-2026; alta por curación,True
ADM-c1644063-3b1e-5938-99a1-5b3781da3b56,19,"Princesa, Río Blanco, Paquisha",PAQUISHA,PAQUISHA,princesa rio blanco paquisha paquisha paquisha,Excel Colección Principal 25-sep-2026; alta por curación,True
ADM-70984e67-185b-5de9-882f-7c26aafb47f9,22,"Río Napo, Río Coca, Guataraco, San Sebastián del Coca",FRANCISCO DE ORELLANA,LA BELLEZA,rio napo rio coca guataraco san sebastian del coca joya de los sachas la belleza,Excel Colección Principal 25-sep-2026; alta por curación,True
ADM-d244cc08-f33e-5a25-b6c7-66a896d64e41,23,Planta Yuca,,,planta yuca,Excel Colección Principal 25-sep-2026; alta por curación,True
ADM-6ce1ecdd-dbb2-51b5-a76b-b283f8f0f99a,15,Km. 18 - Sur,Tena,,km 18 sur tena,Excel Colección Principal 25-sep-2026; alta por curación,True
ADM-ae348c15-8f1c-5c42-80d9-acb1fb99dea3,11,Vilcabamba,LOJA,VILCABAMBA,vilcabamba loja vilcabamba,Excel Colección Principal 25-sep-2026; alta por curación,True
ADM-17c36bec-9111-558c-aed3-81c0050c5563,22,"Campo Tigüino, Tigüino, Inés Arango",FRANCISCO DE ORELLANA,INÉS ARANGO (CAB. EN WESTERN),campo tiguino tiguino ines arango ines arango cab en western,Excel Colección Principal 25-sep-2026; alta por curación,True
ADM-8e3d0bbb-7732-5919-ac31-bf976932a968,17,"Mariposario, Mindo",SAN MIGUEL DE LOS BANCOS,MINDO,mariposario mindo san miguel de los bancos mindo,Excel Colección Principal 25-sep-2026; alta por curación,True
ADM-9d018e92-b397-53fa-aca3-b5078f94fff3,19,La Paz,YACUAMBI,LA PAZ,la paz yacuambi la paz,Excel Colección Principal 25-sep-2026; alta por curación,True
ADM-d7bb81c4-4dcb-50dd-b24f-26ede8143850,22,"Río Jivino Verde, Bloque 18 - Huataraco",,,rio jivino verde bloque 18 huataraco,Excel Colección Principal 25-sep-2026; alta por curación,True
ADM-8247b1e1-ecd7-57df-8fee-c5ce8d1837da,17,"Nanegal, , San Miguel de los Bancos",DISTRITO METROPOLITANO DE QUITO,NANEGAL,nanegal san miguel de los bancos san miguel de los bancos nanegal,Excel Colección Principal 25-sep-2026; alta por curación,True
ADM-87c0bbe9-d6b0-5d7f-adde-1c900ade7fae,08,"Playa de Oro, Chapula, Luis Vargas Torrres",Eloy Alfaro,,playa de oro chapula luis vargas torrres eloy alfaro,Excel Colección Principal 25-sep-2026; alta por curación,True
ADM-fc28bd14-236e-54c4-a7f3-c86407207bac,15,"El Salado, , Santa Rosa",EL CHACO,SANTA ROSA,el salado santa rosa el chaco santa rosa,Excel Colección Principal 25-sep-2026; alta por curación,True
ADM-95a833b5-3ce7-51d9-a3a1-86e923becc42,22,"Km. 117, Vía Pompeya",,,km 117 via pompeya,Excel Colección Principal 25-sep-2026; alta por curación,True
ADM-e199c462-0e04-580b-a30c-34bcbbdf5447,22,"Parque Nacional Yasuní, Bloque 31 - Boica, Cononaco",AGUARICO,CONONACO,parque nacional yasuni bloque 31 boica cononaco aguarico cononaco,Excel Colección Principal 25-sep-2026; alta por curación,True
ADM-c661238e-abf4-5a6c-9231-605f7bc5ad3d,22,"Parque Nacional Yasuní, Bloque 31, Cononaco",AGUARICO,CONONACO,parque nacional yasuni bloque 31 cononaco aguarico cononaco,Excel Colección Principal 25-sep-2026; alta por curación,True
ADM-5626fa8a-6f29-5e40-88c2-5d98b6d75ad8,17,"Mindo, Hda. Teresa, Mindo",SAN MIGUEL DE LOS BANCOS,MINDO,mindo hda teresa mindo san miguel de los bancos mindo,Excel Colección Principal 25-sep-2026; alta por curación,True
ADM-717b2a29-5759-54a6-8269-6e1e63abd203,16,Río Nemenguno,,,rio nemenguno,Excel Colección Principal 25-sep-2026; alta por curación,True
ADM-05d6f132-a64a-5797-a2f1-5beef741951c,14,"Sardinayacu, , Sinaí",MORONA,SINAÍ,sardinayacu sinai morona sinai,Excel Colección Principal 25-sep-2026; alta por curación,True
ADM-3240dbe3-ce67-54c9-b428-3d3aa56cf727,17,"Valle Hermoso, Km. 24 Vía Sto. Domingo",,,valle hermoso km 24 via sto domingo,Excel Colección Principal 25-sep-2026; alta por curación,True
ADM-1ac1e522-7eea-5178-8ff0-2c04e0a95f3d,19,"La Pituca, Cuenca del Río Curitza",ZAMORA,TIMBARA,la pituca cuenca del rio curitza timbara,Excel Colección Principal 25-sep-2026; alta por curación,True
ADM-5cb5db5f-e2c4-57a8-88be-0c11eb14994a,08,"Borbón, Muelle campamento forestal MAG, 500 m aguas arriba de Borbón,",ELOY ALFARO,BORBÓN,borbon muelle campamento forestal mag 500 m aguas arriba de borbon borbon,Excel Colección Principal 25-sep-2026; alta por curación,True
ADM-77f24cdd-14e5-5489-b579-68a27043ebbb,09,"Guayaquil, Barrio Samanes 1,",GUAYAQUIL,GUAYAQUIL,guayaquil barrio samanes 1 guayaquil,Excel Colección Principal 25-sep-2026; alta por curación,True
ADM-55e42c4b-a717-5d85-8f27-ef1913a1b365,09,"Guayaquil, Cerro Paraíso,",GUAYAQUIL,GUAYAQUIL,guayaquil cerro paraiso guayaquil,Excel Colección Principal 25-sep-2026; alta por curación,True
ADM-83a06393-e01a-5a34-b469-c617757d0522,19,"Concesion Cacique, LundinGold, Concesion Cacique, San Pedro, Nuevo Quito",PAQUISHA,NUEVO QUITO,concesion cacique lundingold concesion cacique san pedro nuevo quito paquisha nuevo quito,Excel Colección Principal 25-sep-2026; alta por curación,True
ADM-6db2cd40-7e72-53a7-a067-18c986640b4f,19,"Concesion Cacique, LundinGold, Concesion Cacique, Chinapintza, Guayzimi",PAQUISHA,NUEVO QUITO,concesion cacique lundingold concesion cacique chinapintza guayzimi nangaritza nuevo quito,Excel Colección Principal 25-sep-2026; alta por curación,True
ADM-3d62ea6b-e2f6-59f0-8e3e-d09203468329,19,"Concesion Cacique, LundinGold, Concesion Cacique, Nuevo Quito Laguna, Paquisha",PAQUISHA,PAQUISHA,concesion cacique lundingold concesion cacique nuevo quito laguna paquisha paquisha paquisha,Excel Colección Principal 25-sep-2026; alta por curación,True
ADM-d8562305-b457-5c97-badf-c4f6988b051b,19,"ProyECto Marques, LundinGold, Concesion Marques, Santa CECilia, Paquisha",PAQUISHA,PAQUISHA,proyecto marques lundingold concesion marques santa cecilia paquisha paquisha paquisha,Excel Colección Principal 25-sep-2026; alta por curación,True
ADM-2d09993e-7320-56ee-a679-8b4165ed33d7,15,"1,5 Km de Papallacta, Papallacta",QUIJOS,PAPALLACTA,1 5 km de papallacta papallacta quijos papallacta,Excel Colección Principal 25-sep-2026; alta por curación,True
ADM-3e136a6c-161f-5b7f-ae3e-4ab2e5c11027,21,Lumbaqui,GONZALO PIZARRO,LUMBAQUÍ,lumbaqui gonzalo pizarro lumbaqui,Excel Colección Principal 25-sep-2026; alta por curación,True
ADM-7cb63b00-fdc1-50fc-b8f0-1186915f83cf,08,"Playa de Oro, Chapula, Capitán Augusto Rivadeneira",ELOY ALFARO,LUIS VARGAS TORRES (CAB. EN PLAYA DE ORO),playa de oro chapula capitan augusto rivadeneira cab luis vargas torres luis vargas torres cab en playa de oro,Excel Colección Principal 25-sep-2026; alta por curación,True
ADM-2114a36a-6cb8-5482-9195-1f9f82daee0f,17,"Quito, Barrio La Clemencia",DISTRITO METROPOLITANO DE QUITO,QUITO,quito barrio la clemencia quito quito,Excel Colección Principal 25-sep-2026; alta por curación,True
ADM-ae048755-6387-56cb-a7da-25eec8baae67,13,"n, Jama",JAMA,JAMA,n jama jama jama,Excel Colección Principal 25-sep-2026; alta por curación,True
ADM-4976afc4-7c69-5dd3-ba73-c10b35c16433,14,"P. Hidroabanico, Alshi (Cab. En 9 de Octubre)",MORONA,GENERAL PROAÑO (CAB. EN BARAHONA),p hidroabanico alshi cab en 9 de octubre morona general proano cab en barahona,Excel Colección Principal 25-sep-2026; alta por curación,True
ADM-752b52de-d7fa-5f40-9681-3cfd514dce59,21,"Pindo, Bloque 14",,,pindo bloque 14,Excel Colección Principal 25-sep-2026; alta por curación,True
ADM-04835066-3f55-54bd-ab0c-8c11362e46cc,16,"Campo Tigüino, Tigüino",,,campo tiguino tiguino,Excel Colección Principal 25-sep-2026; alta por curación,True
ADM-cb38d342-db12-5812-95e9-0f7618c391b5,15,"Vía Loreto, Vía Loreto, n",,,via loreto via loreto n,Excel Colección Principal 25-sep-2026; alta por curación,True
ADM-bdf41bf6-b54f-5a7e-9056-39ec5bddae23,21,Campo Charapa,,,campo charapa,Excel Colección Principal 25-sep-2026; alta por curación,True
ADM-f2dceefd-3b71-59ba-bbae-d566ab112523,21,"Bosque Taruca, El Dorado de Cascales",CASCALES,EL DORADO DE CASCALES,bosque taruca el dorado de cascales cascales el dorado de cascales,Excel Colección Principal 25-sep-2026; alta por curación,True
ADM-9c596fce-5899-5523-89ac-a25f922e8125,21,Puerto Libre,GONZALO PIZARRO,PUERTO LIBRE,puerto libre puerto libre,Excel Colección Principal 25-sep-2026; alta por curación,True
ADM-1ab0ca68-5003-591a-9738-1a7ffa9ef7f8,17,"Río Cmbugán, San José de Minas",DISTRITO METROPOLITANO DE QUITO,SAN JOSÉ DE MINAS,rio cmbugan san jose de minas quito san jose de minas,Excel Colección Principal 25-sep-2026; alta por curación,True
ADM-7184b92c-fa97-5320-918b-52941504acff,01,Río Tenguel,,,rio tenguel,Excel Colección Principal 25-sep-2026; alta por curación,True
ADM-535bc0ab-fc5a-5fb2-8540-dbce2d886911,14,"Kutukú, Yapito, Shimpis",LOGROÑO,SHIMPIS,kutuku yapito shimpis logrono shimpis,Excel Colección Principal 25-sep-2026; alta por curación,True
ADM-1f658d1a-1a73-5c25-aadc-2baa6b24e18e,08,Cube,QUININDÉ,CUBE,cube quinie cube,Excel Colección Principal 25-sep-2026; alta por curación,True
ADM-e6a9b1e9-cbe8-5ba2-816e-a9f5c685027f,11,"Loja, ,",LOJA,LOJA,loja loja,Excel Colección Principal 25-sep-2026; alta por curación,True
ADM-c783c047-de7f-57c6-b78f-26b591f9700d,15,"Vía Santa Barbara La Bonita, Puente de las ollas,",,,via santa barbara la bonita puente de las ollas,Excel Colección Principal 25-sep-2026; alta por curación,True
ADM-6d5aa981-2ed2-5ea3-b263-ba3d14ff98cd,01,"Baños, ,",CUENCA,BAÑOS,banos banos,Excel Colección Principal 25-sep-2026; alta por curación,True
ADM-890ba613-d306-5ab1-841f-a9bc2c5fca7c,15,Santa Barbara,,,santa barbara,Excel Colección Principal 25-sep-2026; alta por curación,True
ADM-92b8752c-edcf-595d-8276-bb7e921468ca,22,"Orellana, Coca,",FRANCISCO DE ORELLANA,DAYUMA,orellana coca dayuma,Excel Colección Principal 25-sep-2026; alta por curación,True
ADM-dc2c60c5-d8db-57df-9486-04197af7c902,13,"Crucita, MalECón ciudad,",JIPIJAPA,PEDRO PABLO GÓMEZ (CAB. EN POTRERO NUEVO),crucita malecon ciudad pedro pablo gomez cab en potrero nuevo,Excel Colección Principal 25-sep-2026; alta por curación,True
ADM-91449ec0-c6e8-5565-9625-8f05e6826a25,17,"Reserva Mashpi, Final de teleférico,",,,reserva mashpi final de teleferico,Excel Colección Principal 25-sep-2026; alta por curación,True
ADM-374aa3ba-1f7d-5c12-af0f-911f200e36c6,19,"ProyECto Mirador, Escombrera, Tundayme",EL PANGUI,TUNDAYME,proyecto mirador escombrera tundayme el pangui tundayme,Excel Colección Principal 25-sep-2026; alta por curación,True
ADM-0366c553-16d3-5894-a2ef-1cc7eea94877,19,"ProyECto Mirador, Vía al Cóndor, Tundayme",EL PANGUI,TUNDAYME,proyecto mirador via al condor tundayme el pangui tundayme,Excel Colección Principal 25-sep-2026; alta por curación,True
ADM-aaf60dce-55e4-535a-8b57-d2b6bda94ae1,19,"ProyECto Mirador, Vivero, Tundayme",EL PANGUI,TUNDAYME,proyecto mirador vivero tundayme el pangui tundayme,Excel Colección Principal 25-sep-2026; alta por curación,True
ADM-2b31481a-4c67-59a9-b5ad-0b70698bbb77,19,"ProyECto Mirador, Vía a la Salvación, Tundayme",EL PANGUI,TUNDAYME,proyecto mirador via a la salvacion tundayme el pangui tundayme,Excel Colección Principal 25-sep-2026; alta por curación,True
ADM-031fa6d8-a089-5ed4-93db-2a5c3363cf3f,19,"ProyECto Mirador, Gualaquiza, Tundayme",EL PANGUI,TUNDAYME,proyecto mirador gualaquiza tundayme el pangui tundayme,Excel Colección Principal 25-sep-2026; alta por curación,True
ADM-ed3593b3-bb4c-516f-949d-546255f187be,07,Reserva Biologica Buenaventura,PIÑAS,PIÑAS,reserva biologica buenaventura pinas,Excel Colección Principal 25-sep-2026; alta por curación,True
ADM-3d3c4369-e3be-5c88-beb8-a790e49f59f1,11,Malacatos,LOJA,MALACATOS,malacatos malacatos,Excel Colección Principal 25-sep-2026; alta por curación,True
ADM-19a03cdf-a406-5678-a3e1-275bdb121435,22,PNY - Bameno,,,pny bameno,Excel Colección Principal 25-sep-2026; alta por curación,True
ADM-4641213a-f45b-56c3-889f-35cdbabaf32b,16,Loracachi,,,loracachi,Excel Colección Principal 25-sep-2026; alta por curación,True
ADM-1a0ab6bf-b172-542b-9cfc-4ba286f5b747,01,Santa Isabel,SANTA ISABEL,SANTA ISABEL,santa isabel cuenca santa isabel,Excel Colección Principal 25-sep-2026; alta por curación,True
ADM-8ea54751-2ac5-58f0-8449-77ba048a855f,19,Cerro plateado,,,cerro plateado,Excel Colección Principal 25-sep-2026; alta por curación,True
ADM-be19a20e-2063-5fd1-8aab-08c6cbd720c1,17,"Calle Belgica y 6 de Diciembre,",Quito,,calle belgica y 6 de diciembre quito,Excel Colección Principal 25-sep-2026; alta por curación,True
ADM-467437aa-5433-5de6-a6e7-12460788f7e7,17,EPN,Quito,,epn quito,Excel Colección Principal 25-sep-2026; alta por curación,True
ADM-fe5ca74f-8487-50a6-83a4-9f4003ffb66f,17,Urbanización los Mastodontes,Quito,,urbanizacion los mastodontes quito,Excel Colección Principal 25-sep-2026; alta por curación,True
ADM-b9823623-1e12-5090-9236-b51a32e3c0e7,19,Colibri-Zarza,,,colibri zarza,Excel Colección Principal 25-sep-2026; alta por curación,True
ADM-005b1cc9-e4ba-5ecf-80b6-782fa5f0dbca,22,"Parque Nacional Yasuní, Guiyero, Laguna Azul",FRANCISCO DE ORELLANA,ALEJANDRO LABAKA,parque nacional yasuni guiyero laguna azul alejandro labaka,Excel Colección Principal 25-sep-2026; alta por curación,True
ADM-99dd892b-ffff-5135-945b-04e392807d93,08,"Bilsa,",,,bilsa,Excel Colección Principal 25-sep-2026; alta por curación,True
ADM-97e7088c-5b6e-5568-8f64-f5b546c4fa03,08,"Bilsa, Mache-chindul",,,bilsa mache chindul,Excel Colección Principal 25-sep-2026; alta por curación,True
ADM-b74dd12d-a4bf-57de-8f52-200aa4d1fdd8,04,Cuenca del rio apaqui,,,cuenca del rio apaqui,Excel Colección Principal 25-sep-2026; alta por curación,True
ADM-7247f2cb-80d0-5c55-bec9-7c7927c27334,17,Cangahua,CAYAMBE,CANGAHUA,cangahua cayambe cangahua,Excel Colección Principal 25-sep-2026; alta por curación,True
ADM-9e587a0e-e7ca-5055-9f8d-451426380429,17,Campus EPN,Quito,,campus epn quito,Excel Colección Principal 25-sep-2026; alta por curación,True
ADM-6b4ffe17-35a4-55ae-a2f7-2d388e9e323c,16,"Pandanuque , Villano",ARAJUNO,CURARAY,pandanuque villano curaray,Excel Colección Principal 25-sep-2026; alta por curación,True
ADM-30f15a17-c02f-5fc8-a218-7415d3d223a7,22,"Parque Nacional Yasuní, Guiyero, comunidad entrada",FRANCISCO DE ORELLANA,ALEJANDRO LABAKA,parque nacional yasuni guiyero comunidad entrada alejandro labaka,Excel Colección Principal 25-sep-2026; alta por curación,True
ADM-9187df4f-7af4-5430-9eff-f3ec8a5bc5a0,22,"Parque Nacional Yasuni, Apoyo 1",,,parque nacional yasuni apoyo 1,Excel Colección Principal 25-sep-2026; alta por curación,True
ADM-ef90c91f-9564-57e5-b3f6-d7c9e8a2aa5b,01,Ponce Enriquez - Minera EMC,,,ponce enriquez minera emc,Excel Colección Principal 25-sep-2026; alta por curación,True
ADM-1e5ff5e6-0f0c-5d24-82f9-d1751a95d6e2,17,Carapungo,Quito,,carapungo quito,Excel Colección Principal 25-sep-2026; alta por curación,True
ADM-52654344-06fa-593a-9a2d-475e15ba170d,17,"Puente 8, SECtor la Armenia",Quito,,puente 8 sector la armenia quito,Excel Colección Principal 25-sep-2026; alta por curación,True
ADM-17444ae4-bdca-57ff-910c-795beaa5f1a3,17,Río Blanco,,,rio blanco,Excel Colección Principal 25-sep-2026; alta por curación,True
ADM-894c027c-1a45-5115-8134-6ad3a38c1873,21,"Destacamento Panupali, Reserva privada faunistica Cuyabeno",,,destacamento panupali reserva privada faunistica cuyabeno,Excel Colección Principal 25-sep-2026; alta por curación,True
ADM-efb01838-d93f-56d1-9b6b-db0c3744ca93,13,Bosque SECo Lalo Loor,,,bosque seco lalo loor,Excel Colección Principal 25-sep-2026; alta por curación,True
ADM-2e815ee6-159a-5a58-8a2d-4477032a04ed,21,Campo Mariann y plataforma aleluya,Tarapoa,,campo mariann y plataforma aleluya tarapoa,Excel Colección Principal 25-sep-2026; alta por curación,True
ADM-7ee11209-dff6-5d67-bb7d-497786966cf1,17,"En laboratorio de Ictiología , Campus EPN",Quito,,en laboratorio de ictiologia campus epn quito,Excel Colección Principal 25-sep-2026; alta por curación,True
ADM-97225ac7-a162-5cc4-92e5-27426f8cf154,01,"Hornillos, Santa Isabel",OÑA,SAN FELIPE DE OÑA,hornillos santa isabel cuenca san felipe de ona,Excel Colección Principal 25-sep-2026; alta por curación,True
ADM-da1703e8-c1af-5a70-956d-d10a2496c16a,11,Catamayo,CATAMAYO,CATAMAYO,catamayo catamayo,Excel Colección Principal 25-sep-2026; alta por curación,True
ADM-2f9bb379-f764-50dd-ac87-ea86ba089b80,19,"Naranjilla, Sacha Vaca",,,naranjilla sacha vaca,Excel Colección Principal 25-sep-2026; alta por curación,True
ADM-a569564c-5902-56f2-8472-ec35bf2467f3,22,"Parque Nacional Yasuní, Bameno",AGUARICO,CONONACO,parque nacional yasuni bameno cononaco,Excel Colección Principal 25-sep-2026; alta por curación,True
ADM-62397997-9d90-5538-88ad-4587a1c031b0,06,Chiguazo,Guano,,chiguazo guano,Excel Colección Principal 25-sep-2026; alta por curación,True
ADM-6a3d6dff-8643-591d-9b14-ddac02a05775,15,"Camino a Santo Domingo 5km SE de Archidona , Rio Hollin",,,camino a santo domingo 5km se de archidona rio hollin,Excel Colección Principal 25-sep-2026; alta por curación,True
ADM-58fa3f9a-9583-56b9-964c-286a003b361b,08,"Estero pistolas , Playas del oro",,,estero pistolas playas del oro,Excel Colección Principal 25-sep-2026; alta por curación,True
ADM-d1ed82dc-0e19-5e35-9bc0-6eea19d63404,14,"Cordillera del Cóndor, Reserva Biológica El Quimi",GUALAQUIZA,BOMBOÍZA,cordillera del condor reserva biologica el quimi bomboiza,Excel Colección Principal 25-sep-2026; alta por curación,True
ADM-ff31af47-f055-545b-a973-813e98d49b0b,22,"El Coca, Comunidad A.García Moreno,",FRANCISCO DE ORELLANA,GARCÍA MORENO,el coca comunidad a garcia moreno garcia moreno,Excel Colección Principal 25-sep-2026; alta por curación,True
ADM-4444819d-5641-5761-ade2-53f52d622e1a,16,"Comunidad kichwa amazónica Pablo López de Oglán Alto, Estación Científica Amazónica Juri Juri Kawsay,",ARAJUNO,ARAJUNO,comunidad kichwa amazonica pablo lopez de oglan alto estacion cientifica amazonica juri juri kawsay arajuno,Excel Colección Principal 25-sep-2026; alta por curación,True
ADM-afd96f00-7cc0-5d73-92ec-e1773b45c7a7,05,"Cotopaxi, Ponce Quilotoa,",,,cotopaxi ponce quilotoa,Excel Colección Principal 25-sep-2026; alta por curación,True
ADM-39fea0bf-a182-55d1-89e3-99231288312d,05,"Cotopaxi, Tigua,",,,cotopaxi tigua,Excel Colección Principal 25-sep-2026; alta por curación,True
ADM-cd8e3943-8aeb-5e46-b0f3-9a0c264db31c,05,"Cotopaxi, Potrerillos,",,,cotopaxi potrerillos,Excel Colección Principal 25-sep-2026; alta por curación,True
ADM-db44d502-8b3b-58c1-adec-d5629cf970c9,05,"Cotopaxi, BQ,",,,cotopaxi bq,Excel Colección Principal 25-sep-2026; alta por curación,True
ADM-30e04761-a015-5100-909b-c86ffcad80f7,05,"Cotopaxi, Belisario Quevedo ,",LATACUNGA,BELISARIO QUEVEDO,cotopaxi belisario quevedo belisario quevedo,Excel Colección Principal 25-sep-2026; alta por curación,True
ADM-e97b6297-0fc5-5794-9de5-ece792d6478a,05,"Cotopaxi, Cusubamba,",SALCEDO,CUSUBAMBA,cotopaxi cusubamba cusubamba,Excel Colección Principal 25-sep-2026; alta por curación,True
ADM-8788f446-9434-56f9-b8ba-a0bff079fddf,05,"Cotopaxi, Bellavista,",,,cotopaxi bellavista,Excel Colección Principal 25-sep-2026; alta por curación,True
ADM-22772ce1-45e3-590f-8bd4-b7154b13d749,05,"Cotopaxi, Salcedo,",SALCEDO,PANSALEO (CAB. EN PANZALEO ),cotopaxi salcedo pansaleo cab en panzaleo,Excel Colección Principal 25-sep-2026; alta por curación,True
ADM-099f3aa2-e61b-5d4f-ae25-dae642e213b4,05,"Cotopaxi, Cumbijin,",,,cotopaxi cumbijin,Excel Colección Principal 25-sep-2026; alta por curación,True
ADM-a69df7e8-40f3-5a86-b693-a0c4a420f47f,05,"Cotopaxi, Carretera Pujilí-Quilotoa,",,,cotopaxi carretera pujili quilotoa,Excel Colección Principal 25-sep-2026; alta por curación,True
ADM-50f54139-47dd-55e1-a266-a373f24688f7,05,"Cotopaxi, Cumbijin-DirECción Llanganates,",,,cotopaxi cumbijin direccion llanganates,Excel Colección Principal 25-sep-2026; alta por curación,True
ADM-b6b73ac3-4b8f-5d09-910b-eef27ada2c2a,05,"Cotopaxi, Papaurco/Chambapungo,",,,cotopaxi papaurco chambapungo,Excel Colección Principal 25-sep-2026; alta por curación,True
ADM-0a3e94fe-4d4a-5e59-9a21-bece9778d2ed,05,"Cotopaxi, Cumbijin-DirECción Sacha,",,,cotopaxi cumbijin direccion sacha,Excel Colección Principal 25-sep-2026; alta por curación,True
ADM-a8975577-8542-51cd-bda4-f90f3501edfa,05,"Cotopaxi, LATACUNGA,",LATACUNGA,LATACUNGA,cotopaxi latacunga latacunga,Excel Colección Principal 25-sep-2026; alta por curación,True
ADM-22b3b42b-8653-5443-9156-0ea558ffbb90,05,"Cotopaxi, Páramo Llanganates,",,,cotopaxi paramo llanganates,Excel Colección Principal 25-sep-2026; alta por curación,True
ADM-1f40d96e-d097-52d0-a2dc-12bb9e4d4283,14,"Untsuants ,",,,untsuants,Excel Colección Principal 25-sep-2026; alta por curación,True
ADM-2bad3018-de32-5dd3-83ed-cf6d014a4b43,19,"Nangaritza, Tepui plot",NANGARITZA,ZURMI,nangaritza tepui plot zurmi,Excel Colección Principal 25-sep-2026; alta por curación,True
ADM-3b8a47d8-463b-5c25-b561-0e8cf28772c0,19,"Cordillera del Cóndor, Concesión Colibrí, sECtor Colibrí",YANTZAZA,LOS ENCUENTROS,cordillera del condor concesion colibri sector colibri los encuentros,Excel Colección Principal 25-sep-2026; alta por curación,True
ADM-9d63ec86-2611-5855-a689-25e729b154e4,19,"Estación El Padmi, 18.7 km NNE Yantzaza",,,estacion el padmi 18 7 km nne yantzaza,Excel Colección Principal 25-sep-2026; alta por curación,True
ADM-5914bbd4-76b0-53ae-940c-afcae4f03e99,22,"Bloque 64, Campo Palanda, Yuca Sur, Plataforma Llumpak,",FRANCISCO DE ORELLANA,DAYUMA,bloque 64 campo palanda yuca sur plataforma llumpak palaa dayuma,Excel Colección Principal 25-sep-2026; alta por curación,True
ADM-c45504c2-aede-5561-b638-e81c78eaa726,22,"Bloque 64, Campo Palanda, Yuca Sur, Plataforma Yuca Sur 11,",FRANCISCO DE ORELLANA,TARACOA,bloque 64 campo palanda yuca sur plataforma yuca sur 11 palaa taracoa,Excel Colección Principal 25-sep-2026; alta por curación,True
ADM-d2f750f3-085a-50b1-a33e-08718147d99b,22,"Bloque 64, Campo Palanda, Yuca Sur, Plataforma Sami,",FRANCISCO DE ORELLANA,TARACOA,bloque 64 campo palanda yuca sur plataforma sami palaa taracoa,Excel Colección Principal 25-sep-2026; alta por curación,True
ADM-4d031bf9-22ef-531e-b896-6df99d8367c2,16,"Parque Nacional Yasuní, Lorocachi, río Curaray",PASTAZA,RÍO TIGRE,parque nacional yasuni lorocachi rio curaray arajuno rio tigre,Excel Colección Principal 25-sep-2026; alta por curación,True
ADM-b5b05576-d84a-5b10-b213-dec5e0d16314,22,"Bloque 65, Campo Pindo, Plataforma Pindo 14,",FRANCISCO DE ORELLANA,TARACOA,bloque 65 campo pindo plataforma pindo 14 palaa taracoa,Excel Colección Principal 25-sep-2026; alta por curación,True
ADM-f29cc798-7004-576c-bcc3-0bb093dd8873,22,"Bloque 65, Campo Pindo, Plataforma Pindo 8,",FRANCISCO DE ORELLANA,DAYUMA,bloque 65 campo pindo plataforma pindo 8 palaa dayuma,Excel Colección Principal 25-sep-2026; alta por curación,True
ADM-bff00690-b8ed-5a79-b22d-71542f446bc8,22,"Bloque 65, Campo Pindo, Plataforma Pindo este 1,",FRANCISCO DE ORELLANA,DAYUMA,bloque 65 campo pindo plataforma pindo este 1 palaa dayuma,Excel Colección Principal 25-sep-2026; alta por curación,True
ADM-f6073bc0-4678-59d3-aa1e-f4fd0b35922a,19,"Cordillera del Cóndor, 14 Km SE Fruta del Norte",PAQUISHA,PAQUISHA,cordillera del condor 14 km se fruta del norte paquisha,Excel Colección Principal 25-sep-2026; alta por curación,True
ADM-b133b47f-bf2a-5586-8086-6e512f053e8d,19,"Concesión Colibrí, sECtor Colibrí-Goldmarca, empresa Kinross Aurelian. Río Machinaza",PAQUISHA,PAQUISHA,concesion colibri sector colibri goldmarca empresa kinross aurelian rio machinaza paquisha,Excel Colección Principal 25-sep-2026; alta por curación,True
ADM-1e5753ef-5f69-5515-bdd4-8240fcf0c7b3,19,"Cordillerra del Cóndor, Colibrí",YANTZAZA,LOS ENCUENTROS,cordillerra del condor colibri los encuentros,Excel Colección Principal 25-sep-2026; alta por curación,True
ADM-2cdc30b8-757b-5654-93c7-f8a02a29d292,19,"Cordillera del Cóndor, Reserva de Vida Silvestre El Zarza, San Antonio",YANTZAZA,LOS ENCUENTROS,cordillera del condor reserva de vida silvestre el zarza san antonio los encuentros,Excel Colección Principal 25-sep-2026; alta por curación,True
ADM-35bd8cd3-4f10-5823-8962-0df0e884a520,19,"La Balza, A 3.5 km Sur de Pucabamba,",,,la balza a 3 5 km sur de pucabamba,Excel Colección Principal 25-sep-2026; alta por curación,True
ADM-ed0d4a45-f59b-56d8-abe8-b26df37272ac,09,"Bosque Protector Cerro Blanco, Sendero Cusumbo,",,,bosque protector cerro blanco sendero cusumbo,Excel Colección Principal 25-sep-2026; alta por curación,True
ADM-ebd33f87-4aa8-5e4a-8b68-d913c9de2641,09,"Guayaquil, Bosque Cerro Blanco",GUAYAQUIL,GUAYAQUIL,guayaquil bosque cerro blanco guayaquil,Excel Colección Principal 25-sep-2026; alta por curación,True
ADM-22d9fb26-5aa3-5558-855f-a1e2ae337537,17,"Campus Escuela Politécnica Nacional, Jardín posterior del Museo Gustavo Orcés",DISTRITO METROPOLITANO DE QUITO,QUITO,campus escuela politecnica nacional jardin posterior del museo gustavo orces quito quito,Excel Colección Principal 25-sep-2026; alta por curación,True
ADM-f621def6-d19d-5267-9f94-7bcfb5be2d13,19,"Concesión minera Mozo, Sendero en bosque de pinos a un lado de la carretera, San Felipe de Oña",YACUAMBI,TUTUPALI,concesion minera mozo sendero en bosque de pinos a un lado de la carretera san felipe de ona ona tutupali,Excel Colección Principal 25-sep-2026; alta por curación,True
ADM-3a685c25-1519-5526-90ee-9c1a32524187,01,"Concesión minera Mozo, Sendero en matorral arbustivo cercano al riachuelo de la quebrada Yantahuaycu, a 200 m del camino principal, Nabón",NABÓN,COCHAPATA,concesion minera mozo sendero en matorral arbustivo cercano al riachuelo de la quebrada yantahuaycu a 200 m del camino principal nabon cochapata cochapata,Excel Colección Principal 25-sep-2026; alta por curación,True
ADM-e7181a82-8482-5fce-aa49-98a6142e169d,01,"Concesión minera Mozo, Sendero en páramo arbustivo cercano al riachuelo de la quebrada Puente de Piedras, a un lado de la carretera, San felipe de Oña",OÑA,SAN FELIPE DE OÑA,concesion minera mozo sendero en paramo arbustivo cercano al riachuelo de la quebrada puente de piedras a un lado de la carretera san felipe de ona ona san felipe de ona,Excel Colección Principal 25-sep-2026; alta por curación,True
ADM-d9b67437-cc08-5e0c-ad5a-292bc5a292ee,16,San Virgilio,,,san virgilio,Excel Colección Principal 25-sep-2026; alta por curación,True
ADM-cabfa07f-f35a-5d7b-ac4c-3b18207fb3ad,16,"Villano, Río Lliquino",,,villano rio lliquino,Excel Colección Principal 25-sep-2026; alta por curación,True
ADM-44a3ce8c-115c-56bc-816e-8d6a885e16fc,21,"Bloque 11, vía Pozo Diamante",,,bloque 11 via pozo diamante,Excel Colección Principal 25-sep-2026; alta por curación,True
ADM-d6620e85-b9ee-5638-83b8-d34d4b470dc7,15,Vía Hollin-Loreto,,,via hollin loreto,Excel Colección Principal 25-sep-2026; alta por curación,True
ADM-1b378907-545c-5ce5-9caa-1f3228b65384,21,"El Reventador, Río Azuela",GONZALO PIZARRO,EL REVENTADOR,el reventador rio azuela gonzalo pizarro el reventador,Excel Colección Principal 25-sep-2026; alta por curación,True
ADM-8a195deb-c37c-5119-9457-d08ee03656cc,23,Estación Gustavo Orcés,,,estacion gustavo orces,Excel Colección Principal 25-sep-2026; alta por curación,True
ADM-9b9e9814-07b7-502d-a04e-bb555c9f93e6,21,"Comunidad Poza Honda, Tarapoa",CUYABENO,TARAPOA,comunidad poza honda tarapoa tarapoa,Excel Colección Principal 25-sep-2026; alta por curación,True
ADM-edcbba06-2dcd-51ba-99f6-54b90737f634,22,"Campo Gacela, San Luis de Armenia",FRANCISCO DE ORELLANA,SAN LUIS DE ARMENIA,campo gacela san luis de armenia orellana san luis de armenia,Excel Colección Principal 25-sep-2026; alta por curación,True
ADM-71d89014-6e4f-54d7-838a-151ed5650e7d,15,"Rio Napo, Chontapunta, Mondaña",TENA,CHONTAPUNTA,rio napo chontapunta mondana chontapunta,Excel Colección Principal 25-sep-2026; alta por curación,True
ADM-5b7b082c-bd94-5ae5-bf7f-241c8987a901,22,"Parque Nacional Yasuní, Vía Auca, Tiguino, Bataburo",FRANCISCO DE ORELLANA,INÉS ARANGO (CAB. EN WESTERN),parque nacional yasuni via auca tiguino bataburo ines arango cab en western,Excel Colección Principal 25-sep-2026; alta por curación,True
ADM-91b665ab-2a5f-5fa6-8c4a-ae41e5739849,15,"Cordillera Guacamayos, Río Vinillos",,,cordillera guacamayos rio vinillos,Excel Colección Principal 25-sep-2026; alta por curación,True
ADM-5d76d941-1e84-5eda-81ab-318523cea198,16,Río Lliquino,,,rio lliquino,Excel Colección Principal 25-sep-2026; alta por curación,True
ADM-06e50f36-c9e2-5632-9b21-bf27b68bf5d6,22,"Parque Nacional Yasuní, Pozo Río Nashiño, Obe",,,parque nacional yasuni pozo rio nashino obe,Excel Colección Principal 25-sep-2026; alta por curación,True
ADM-4225544a-9740-51ef-a155-73799b21fe29,17,"Mindo, Camino a la cascada, Mindo",SAN MIGUEL DE LOS BANCOS,MINDO,mindo camino a la cascada mindo san miguel de los bancos mindo,Excel Colección Principal 25-sep-2026; alta por curación,True
ADM-85ea5acf-c8da-535c-82be-0fe1c1ebbdc1,16,"Campo Tigüino, Estero Ñemenguno",,,campo tiguino estero nemenguno,Excel Colección Principal 25-sep-2026; alta por curación,True
ADM-9d7afbc6-cf41-5832-8e60-490bd532455b,15,"La Virgen, Papallacta",QUIJOS,PAPALLACTA,la virgen papallacta quijos papallacta,Excel Colección Principal 25-sep-2026; alta por curación,True
ADM-c9b774df-a8fd-5b14-8507-bc61c914d576,21,Comuna Huataraco,San Sebastián del Coca,,comuna huataraco san sebastian del coca,Excel Colección Principal 25-sep-2026; alta por curación,True
ADM-8d66cc7a-0187-5926-a4b1-c6993688e05c,21,Vía Lumbaqui - La Troncal,El Arenal,,via lumbaqui la troncal el arenal,Excel Colección Principal 25-sep-2026; alta por curación,True
ADM-447e3dcb-33e7-5b03-a840-625b40a10203,08,Azotea Hotel,Esmeraldas,,azotea hotel esmeraldas,Excel Colección Principal 25-sep-2026; alta por curación,True
ADM-c3359899-3705-507d-838d-c156df5e6bda,21,Putumayo,PUTUMAYO,SANSAHUARI,putumayo cuyabeno sansahuari,Excel Colección Principal 25-sep-2026; alta por curación,True
ADM-8948b5b3-2a73-59d8-b1da-547ed3f7d8d2,21,"El Arenal, Vía Lumbaqui-La Troncal, El Arenal",,,el arenal via lumbaqui la troncal el arenal,Excel Colección Principal 25-sep-2026; alta por curación,True
ADM-17ffa99c-ea4b-5755-a105-8fd7ab805fb0,22,"Pompeya, Puerto Harber",LA JOYA DE LOS SACHAS,POMPEYA,pompeya puerto harber pompeya,Excel Colección Principal 25-sep-2026; alta por curación,True
ADM-cc4d094b-5a0a-5ec3-9533-19adda52cb53,21,"Reserva de Producción Faunística Cuyabeno, Brazo del Río Güepi",,,reserva de produccion faunistica cuyabeno brazo del rio guepi,Excel Colección Principal 25-sep-2026; alta por curación,True
ADM-a139fd91-cbc3-55a8-bf53-86c96d966789,17,Estación Bellavista,Mio,,estacion bellavista mio,Excel Colección Principal 25-sep-2026; alta por curación,True
ADM-f2c39f52-918f-5bac-a50e-6653907a2396,15,18 Km. Sta. Rosa hacia Aliñahui,,,18 km sta rosa hacia alinahui,Excel Colección Principal 25-sep-2026; alta por curación,True
ADM-d4e191c6-b786-58ff-aed3-dade3b3c0918,21,"Singue B y C, Lago Agrio",LAGO AGRIO,NUEVA LOJA,singue b y c lago agrio putumayo nueva loja,Excel Colección Principal 25-sep-2026; alta por curación,True
ADM-0245f0e6-0614-5ac2-84d0-da2a761b644a,21,"Campo Dorine, Tarapoa",CUYABENO,TARAPOA,campo dorine tarapoa cuyabeno tarapoa,Excel Colección Principal 25-sep-2026; alta por curación,True
ADM-f528b6c5-04ed-5dae-95fc-90358a55ac77,21,"Comunidad San Pablo, Tarapoa",LAGO AGRIO,EL ENO,comunidad san pablo tarapoa cuyabeno el eno,Excel Colección Principal 25-sep-2026; alta por curación,True
ADM-6a22e089-a797-5256-a326-15abd1a8dce1,21,"Parque Nacional Yasuní, Estación de Biodiversidad Tiputini",,,parque nacional yasuni estacion de biodiversidad tiputini,Excel Colección Principal 25-sep-2026; alta por curación,True
ADM-9d5e0eac-2a3e-589c-8e6f-6ce3795efe1a,19,"Bellavista, Concesión La Zarza, Paquisha",PAQUISHA,PAQUISHA,bellavista concesion la zarza paquisha yantzaza paquisha,Excel Colección Principal 25-sep-2026; alta por curación,True
ADM-dd823b76-fbe6-5e8f-a8f4-df36eea29da7,08,"Los Ajos, San Lorenzo",SAN LORENZO,SAN LORENZO,los ajos san lorenzo san lorenzo,Excel Colección Principal 25-sep-2026; alta por curación,True
ADM-51bde466-7583-5958-a241-dce340d1635a,08,"San José de Cachaví, San Lorenzo",SAN LORENZO,URBINA,san jose de cachavi san lorenzo urbina,Excel Colección Principal 25-sep-2026; alta por curación,True
ADM-9f9edc72-a070-55d3-a166-0ea9f8c61977,19,"Concesión El Emperador Tepui, Paquisha",PAQUISHA,PAQUISHA,concesion el emperador tepui paquisha paquisha paquisha,Excel Colección Principal 25-sep-2026; alta por curación,True
ADM-8ed8ef45-ee19-57ad-aed7-279227f157c5,19,"Concesión La Zarza, Bellavista",PAQUISHA,BELLAVISTA,concesion la zarza bellavista bellavista,Excel Colección Principal 25-sep-2026; alta por curación,True
ADM-6b568d8b-1692-5906-b226-865ba752b4d0,08,"Huimbicito, San Lorenzo",SAN LORENZO,SAN LORENZO,huimbicito san lorenzo san lorenzo,Excel Colección Principal 25-sep-2026; alta por curación,True
ADM-56ea19bc-1497-559d-a7d0-22de1cb7e3ee,08,Borbón,ELOY ALFARO,BORBÓN,borbon borbon,Excel Colección Principal 25-sep-2026; alta por curación,True
ADM-76af2ac9-acfe-5f37-9db5-7d2fb1f9eebe,08,Los Ajos,San Lorenzo,,los ajos san lorenzo,Excel Colección Principal 25-sep-2026; alta por curación,True
ADM-8d664d5d-0763-5d4a-982a-5f4f6e84cbd0,19,"Comunidad Miazi Maicu 3, Zurmi",NANGARITZA,ZURMI,comunidad miazi maicu 3 zurmi zurmi,Excel Colección Principal 25-sep-2026; alta por curación,True
ADM-13558d4c-6881-5121-97f7-ef22e014aaee,22,"Plataforma Hormiguero E, Campo Hormiguero, Dayuma",FRANCISCO DE ORELLANA,DAYUMA,plataforma hormiguero e campo hormiguero dayuma dayuma dayuma,Excel Colección Principal 25-sep-2026; alta por curación,True
ADM-8eb4483f-0581-5d10-acb0-43237b7177cc,19,"Pachikuntza Maicu 6, Zurmi",NANGARITZA,ZURMI,pachikuntza maicu 6 zurmi zurmi,Excel Colección Principal 25-sep-2026; alta por curación,True
ADM-1ec78838-75a7-590a-b9ac-595e4fff383d,19,"Comunidad La Wants Maicu 1, Zurmi",NANGARITZA,ZURMI,comunidad la wants maicu 1 zurmi zurmi,Excel Colección Principal 25-sep-2026; alta por curación,True
ADM-8f875f8b-f930-59c3-83e4-814549f4d5c8,21,Tarapoa,CUYABENO,TARAPOA,tarapoa tarapoa,Excel Colección Principal 25-sep-2026; alta por curación,True
ADM-255f3275-bd67-5af5-bdfc-03778741e1c0,15,"PMCNE-2, Chontayacu",,,pmcne 2 chontayacu,Excel Colección Principal 25-sep-2026; alta por curación,True
ADM-3eeaffd9-5c28-5803-ba10-8423e0d735dd,21,Sansahuari,PUTUMAYO,SANSAHUARI,sansahuari sansahuari,Excel Colección Principal 25-sep-2026; alta por curación,True
ADM-78d16f09-d5ac-53d3-baca-29b23ff65075,15,"El Reventador, Río S/N",,,el reventador rio s n,Excel Colección Principal 25-sep-2026; alta por curación,True
ADM-7d490d63-0ec8-5eca-8288-bbe3989bd310,15,Jatun Sacha,TENA,AHUANO,jatun sacha ahuano,Excel Colección Principal 25-sep-2026; alta por curación,True
ADM-7c968cf9-8e66-5b22-ac7b-e95840919d92,21,Campo Fanny,,,campo fanny,Excel Colección Principal 25-sep-2026; alta por curación,True
ADM-b18d04ee-5a5b-517e-aaf0-a77deeed6b27,22,"Plataforma Hormiguero E, Campo Hormiguero",Dayuma,,plataforma hormiguero e campo hormiguero dayuma,Excel Colección Principal 25-sep-2026; alta por curación,True
ADM-d03f0028-781e-5e6e-ac7e-dd99b37bdc9d,15,Río Aguarico,,,rio aguarico,Excel Colección Principal 25-sep-2026; alta por curación,True
ADM-54df8e84-054a-5ca9-b821-8791998bc0cf,21,"Comunidad de Bella María, Tarapoa",CUYABENO,TARAPOA,comunidad de bella maria tarapoa tarapoa,Excel Colección Principal 25-sep-2026; alta por curación,True
ADM-81de28c5-af1d-592e-8fba-404d6e4662ad,15,Hollín,,,hollin,Excel Colección Principal 25-sep-2026; alta por curación,True
ADM-f7b1aea5-e7c5-5263-9faf-844cb2a19eae,08,"San Lorenzo, Los Ajos",SAN LORENZO,SAN LORENZO,san lorenzo los ajos san lorenzo,Excel Colección Principal 25-sep-2026; alta por curación,True
ADM-022d9db6-5752-59f0-9711-c6c9bb1e48fa,15,Mandayacu,,,mandayacu,Excel Colección Principal 25-sep-2026; alta por curación,True
ADM-6134ac00-bed3-5cea-a99f-7659f05d56bd,21,Sub Estación Limoncocha,,,sub estacion limoncocha,Excel Colección Principal 25-sep-2026; alta por curación,True
ADM-3326f5a8-8443-5865-8d36-4c52a2170d08,22,Sol Nacinete,,,sol nacinete,Excel Colección Principal 25-sep-2026; alta por curación,True
ADM-fa8713c7-a65c-5974-b2c3-63e762a3c37c,21,"Zona del Río Libertad, Gonzalo Pizarro",GONZALO PIZARRO,GONZALO PIZARRO,zona del rio libertad gonzalo pizarro gonzalo pizarro gonzalo pizarro,Excel Colección Principal 25-sep-2026; alta por curación,True
ADM-44015a01-6bc9-5d2f-9083-03a8ec535547,22,"Edén, Campo Edén, Plataforma G",,,eden campo eden plataforma g,Excel Colección Principal 25-sep-2026; alta por curación,True
ADM-97c7b818-f27d-53c3-a1ee-9a45fb821be6,22,"Parque Nacional Yasuní, Guiyero, Indillama YPF",FRANCISCO DE ORELLANA,ALEJANDRO LABAKA,parque nacional yasuni guiyero indillama ypf alejandro labaka,Excel Colección Principal 25-sep-2026; alta por curación,True
ADM-69b1e2f5-05d1-5385-bf24-d2bff9e005f4,21,"Comunidad San Pablo, Tarapoa",LAGO AGRIO,EL ENO,comunidad san pablo tarapoa el eno,Excel Colección Principal 25-sep-2026; alta por curación,True
ADM-93ff6453-72bb-5b71-a136-9025c13f63ac,22,"Cononaco, Noreño",AGUARICO,CONONACO,cononaco noreno cononaco,Excel Colección Principal 25-sep-2026; alta por curación,True
ADM-efae6fa5-96e7-5d36-9dea-123674e0e438,21,Campo Ron,,,campo ron,Excel Colección Principal 25-sep-2026; alta por curación,True
ADM-1d6de552-7751-5927-905b-5fd7c7798c4b,15,"Campo Oso, Chontapunta",TENA,CHONTAPUNTA,campo oso chontapunta tena chontapunta,Excel Colección Principal 25-sep-2026; alta por curación,True
ADM-f1bd605e-14a6-5871-8f94-dec1ebc1ee71,21,"Comunidad Aboquehuira, Tarapoa",CUYABENO,TARAPOA,comunidad aboquehuira tarapoa tarapoa,Excel Colección Principal 25-sep-2026; alta por curación,True
ADM-a9521747-f8a2-552c-ba6e-30b8c6ccc5d7,19,"Zurmi, Comunidad La Wants Maicu 1",NANGARITZA,ZURMI,zurmi comunidad la wants maicu 1 zurmi,Excel Colección Principal 25-sep-2026; alta por curación,True
ADM-44aea9c0-524f-514c-a17c-3199d8e3fd86,17,Universidad Central del EC,Quito,,universidad central del ec quito,Excel Colección Principal 25-sep-2026; alta por curación,True
ADM-4b845821-208a-5a82-a034-3e4dc77862bb,13,Reserva Bosque SECo Lalo Loor,,,reserva bosque seco lalo loor,Excel Colección Principal 25-sep-2026; alta por curación,True
ADM-b6f0a9f7-7ce3-58c2-83b7-922d9a8dff1f,08,Refinería Esmeraldas,Esmeraldas,,refineria esmeraldas esmeraldas,Excel Colección Principal 25-sep-2026; alta por curación,True
ADM-085cc18c-29c6-51fe-9565-2385f2c1a170,15,"Chontayacu, PMCNE-2",,,chontayacu pmcne 2,Excel Colección Principal 25-sep-2026; alta por curación,True
ADM-e0ee59bc-6f93-5583-81da-e57e887ab8de,21,"Comunidad Bella María, Tarapoa",CUYABENO,TARAPOA,comunidad bella maria tarapoa tarapoa,Excel Colección Principal 25-sep-2026; alta por curación,True
ADM-57ae88ac-a31a-5817-9620-7cedcf732822,19,"Zurmi, Comunidad Miazi Maicu 3",NANGARITZA,ZURMI,zurmi comunidad miazi maicu 3 zurmi,Excel Colección Principal 25-sep-2026; alta por curación,True
ADM-b683f5e0-5846-51a6-b5fb-e73aae204fee,19,"Zurmi, Pachikuntza Maicu 6",NANGARITZA,ZURMI,zurmi pachikuntza maicu 6 zurmi,Excel Colección Principal 25-sep-2026; alta por curación,True
ADM-a6ba0ee7-838b-5580-8b9e-5065b5796547,19,Nambija,,,nambija,Excel Colección Principal 25-sep-2026; alta por curación,True
ADM-789f0d99-0cb0-5e29-b8e5-8fed90afca6d,21,"E.C.A., Tarapoa",CUYABENO,TARAPOA,e c a tarapoa tarapoa,Excel Colección Principal 25-sep-2026; alta por curación,True
ADM-45a1627a-36c0-51fe-8342-417d460757fd,15,"Yanayacu Station, Bosque",,,yanayacu station bosque,Excel Colección Principal 25-sep-2026; alta por curación,True
ADM-d2b097f8-c220-5415-944b-6b4a00eaebce,15,"Yanayacu Station, Borde del río",,,yanayacu station borde del rio,Excel Colección Principal 25-sep-2026; alta por curación,True
ADM-c0ec00f5-1bb1-50a0-ad87-be970cf7b082,15,"Hacienda M. Haro, Cocodrilo",,,hacienda m haro cocodrilo,Excel Colección Principal 25-sep-2026; alta por curación,True
ADM-4fe12ba2-3e63-5dd6-b6ab-b80aec13161e,15,Km. 32 vía Tena-Baeza,,,km 32 via tena baeza,Excel Colección Principal 25-sep-2026; alta por curación,True
ADM-0632ac18-6ad0-5273-8ed1-7788d08e7e1c,15,Misahualli,TENA,AHUANO,misahualli ahuano,Excel Colección Principal 25-sep-2026; alta por curación,True
ADM-b0facdc2-f742-5ffc-ad9e-e7bd2b7ddc82,04,"El Goaltal, Hda. San Francisco, El Goaltal",ESPEJO,EL GOALTAL,el goaltal hda san francisco el goaltal espejo el goaltal,Excel Colección Principal 25-sep-2026; alta por curación,True
ADM-c7a99137-4cb5-5fe8-920e-246093eb370a,15,"Yanayacu Station, Borde de río",,,yanayacu station borde de rio,Excel Colección Principal 25-sep-2026; alta por curación,True
ADM-1074ac8d-9cb1-51d9-bbfa-557a7e4016bd,22,"Campo Eden, Plataforma G, Eden",,,campo eden plataforma g eden,Excel Colección Principal 25-sep-2026; alta por curación,True
ADM-81035abb-891d-5ae4-b887-97292ee3e76c,15,"Antisana, Jumandi",ARCHIDONA,ARCHIDONA,antisana jumandi archidona,Excel Colección Principal 25-sep-2026; alta por curación,True
ADM-22a635c8-f6db-57ba-83c9-02b9483abd84,15,"Antisana , Cocodrilo",ARCHIDONA,ARCHIDONA,antisana cocodrilo archidona,Excel Colección Principal 25-sep-2026; alta por curación,True
ADM-4c2fe9fa-04df-55ce-92f9-ab377764d09d,15,Km. 24 vía Tena-Baeza,,,km 24 via tena baeza,Excel Colección Principal 25-sep-2026; alta por curación,True
ADM-3ce56e45-fb06-52d7-bf19-77ba3bee5986,19,"Concesión El Emperador Tepui, Paquisha",PAQUISHA,PAQUISHA,concesion el emperador tepui paquisha yantzaza paquisha,Excel Colección Principal 25-sep-2026; alta por curación,True
ADM-7c17478d-0b05-5ed7-be48-dfcfb77bf3fc,21,Pto. Rodríguez,,,pto rodriguez,Excel Colección Principal 25-sep-2026; alta por curación,True
ADM-f37cb64e-b6cf-56ca-80eb-676129cd988a,22,Sol Naciente,,,sol naciente,Excel Colección Principal 25-sep-2026; alta por curación,True
ADM-32020343-f6ea-5b44-9275-ac9d7dda450c,22,"Noreño, Cononaco",AGUARICO,CONONACO,noreno cononaco aguarico cononaco,Excel Colección Principal 25-sep-2026; alta por curación,True
ADM-26ee6609-6920-50ff-aa35-7ca4c5efd632,19,"Comunidad La Wants Maicu 3, Zurmi",NANGARITZA,ZURMI,comunidad la wants maicu 3 zurmi zurmi,Excel Colección Principal 25-sep-2026; alta por curación,True
ADM-bb282139-cd47-5a59-833f-6354d2715edc,15,"Estación Yanayacu, Borde del río, Yanayacu",,,estacion yanayacu borde del rio yanayacu,Excel Colección Principal 25-sep-2026; alta por curación,True
ADM-b10234a3-8536-5cc9-80cf-bf928fd0ac2c,21,"Reserva de Producción Faunística Cuyabeno, Tarapoa - Campo Dorine",,,reserva de produccion faunistica cuyabeno tarapoa campo dorine,Excel Colección Principal 25-sep-2026; alta por curación,True
ADM-91fdf08e-1879-58dd-a77f-f3bc27a93aab,15,Confluencia R. Quijos y El Salado,,,confluencia r quijos y el salado,Excel Colección Principal 25-sep-2026; alta por curación,True
ADM-8730df3f-8c2d-5dd0-93b6-9369849f18bc,22,Chontayacu,LORETO,PUERTO MURIALDO,chontayacu puerto murialdo,Excel Colección Principal 25-sep-2026; alta por curación,True
ADM-a74fee65-9f29-5c2a-a0c3-84bf872e6773,18,Faldas del Tungurahua,Baños,,faldas del tungurahua banos,Excel Colección Principal 25-sep-2026; alta por curación,True
ADM-fc05c241-3be6-5c3d-ac43-937105a7d110,19,"Zurmi, Comunidad Wants Maicu",NANGARITZA,ZURMI,zurmi comunidad wants maicu zurmi,Excel Colección Principal 25-sep-2026; alta por curación,True
ADM-5ceb3941-0815-586c-a025-b76e1b959a89,14,"Limón Indanza, Cord. Kekuim",LIMÓN INDANZA,SAN ANTONIO  (CAB. EN SAN ANTONIO CENTRO),limon indanza cord kekuim san antonio cab en san antonio centro,Excel Colección Principal 25-sep-2026; alta por curación,True
ADM-398d1a56-cf24-5d2d-a2b3-fac2a06da1de,19,"Zurmi, Comunidad Miazi Maicu",NANGARITZA,ZURMI,zurmi comunidad miazi maicu zurmi,Excel Colección Principal 25-sep-2026; alta por curación,True
ADM-2c65f24c-17df-5091-971c-c822b290f04d,19,"Zurmi, Pachikuntza Maicu",NANGARITZA,ZURMI,zurmi pachikuntza maicu zurmi,Excel Colección Principal 25-sep-2026; alta por curación,True
ADM-3f6e6ee2-0177-55e5-98a0-edd798a140c1,21,Tarapoa,CUYABENO,TARAPOA,tarapoa cuyabeno tarapoa,Excel Colección Principal 25-sep-2026; alta por curación,True
ADM-b271b395-e6ce-5d1b-a740-8d730618925d,22,Chontayacu PMCNE-2,LORETO,PUERTO MURIALDO,chontayacu pmcne 2 puerto murialdo,Excel Colección Principal 25-sep-2026; alta por curación,True
ADM-86086104-0466-53b3-8f23-f1c4e5b9e9f0,21,"Tarapoa, E.C.A",CUYABENO,TARAPOA,tarapoa e c a tarapoa,Excel Colección Principal 25-sep-2026; alta por curación,True
ADM-97a696b8-af28-50f0-96c6-10aa1c0a7070,15,"Papallacta, La Virgen",QUIJOS,PAPALLACTA,papallacta la virgen papallacta,Excel Colección Principal 25-sep-2026; alta por curación,True
ADM-e6b3aa25-f609-5fa2-b1ab-b156dab16370,15,"Hollín, Vía Hollín-Loreto, Cotundo",ARCHIDONA,COTUNDO,hollin via hollin loreto cotundo archidona cotundo,Excel Colección Principal 25-sep-2026; alta por curación,True
ADM-3c99f504-4e3c-5a09-9aaf-dcd1f08e09b3,15,Baeza en la gasolinera,,,baeza en la gasolinera,Excel Colección Principal 25-sep-2026; alta por curación,True
ADM-3aabf006-7f6d-5d46-bd35-89e4f6f7fbf7,15,"Papallacta, Río Papallacta",QUIJOS,PAPALLACTA,papallacta rio papallacta quijos papallacta,Excel Colección Principal 25-sep-2026; alta por curación,True
ADM-d99daf8d-c604-5776-920e-0229f995b7ca,17,"Bosque Protector Pichincha, SECtor Miraflores",Quito,,bosque protector pichincha sector miraflores quito,Excel Colección Principal 25-sep-2026; alta por curación,True
ADM-3fb8c791-9a6e-5bcc-9427-b4d3c607dfa8,21,Pozo Sansahuari,,,pozo sansahuari,Excel Colección Principal 25-sep-2026; alta por curación,True
ADM-0bc8dac0-b697-5755-8fb0-b31734707d50,14,"Río Quimi, La Paz",Yacuambi,,rio quimi la paz yacuambi,Excel Colección Principal 25-sep-2026; alta por curación,True
ADM-bc5120d3-38e8-5afe-9c8a-5b725ae393f0,19,Reserva Biológica Tapichalaca,Palaa,,reserva biologica tapichalaca palaa,Excel Colección Principal 25-sep-2026; alta por curación,True
ADM-9a8e2650-31e7-5095-9d25-b93ddad0bcee,15,Azuela,,,azuela,Excel Colección Principal 25-sep-2026; alta por curación,True
ADM-5c163f17-9571-5571-b0ba-91a213f23961,15,Cosanga,QUIJOS,COSANGA,cosanga quijos cosanga,Excel Colección Principal 25-sep-2026; alta por curación,True
ADM-2eb63f50-4428-5661-825e-9897c15e3c4f,01,"on label ""Gaby"", Camilo Ponce Enríquez",CAMILO PONCE ENRÍQUEZ,CAMILO PONCE ENRÍQUEZ,on label gaby camilo ponce enriquez camilo ponce enriquez camilo ponce enriquez,Excel Colección Principal 25-sep-2026; alta por curación,True
ADM-5fe24133-455a-500f-bd56-5954ef6a271c,17,SECtor antiguo aeropuerto,,,sector antiguo aeropuerto,Excel Colección Principal 25-sep-2026; alta por curación,True
ADM-c46c9e5a-0d97-582b-bcf1-3233c9accd38,19,"El Zarza, C. Las Peñas vía a P5",YANTZAZA,LOS ENCUENTROS,el zarza c las penas via a p5 los encuentros,Excel Colección Principal 25-sep-2026; alta por curación,True
ADM-2591c476-477d-5e71-adef-e7335b8d7915,19,"El Zarza, C. Las Peñas vía a P6",YANTZAZA,LOS ENCUENTROS,el zarza c las penas via a p6 los encuentros,Excel Colección Principal 25-sep-2026; alta por curación,True
ADM-6b735a39-49e8-5f60-8305-e3edb7ea9a6f,22,"CabECeras Río Basura, Yanayacu",,,cabeceras rio basura yanayacu,Excel Colección Principal 25-sep-2026; alta por curación,True
ADM-7c0561d9-b415-58bd-bdc3-f350e7a8b0d4,19,"El Zarza, C. Las Peñas vía a P4",YANTZAZA,LOS ENCUENTROS,el zarza c las penas via a p4 los encuentros,Excel Colección Principal 25-sep-2026; alta por curación,True
ADM-7a730237-91a7-587b-bf40-d8ef2df9b09e,15,"El Reventador, (PDM-1), Río S/N",,,el reventador pdm 1 rio s n,Excel Colección Principal 25-sep-2026; alta por curación,True
ADM-4754726a-c176-5e8d-881d-2833dde6032d,22,"PMCNE-1, El Coca",FRANCISCO DE ORELLANA,EL COCA (PUERTO FRANCISCO DE ORELLANA),pmcne 1 el coca el coca puerto francisco de orellana,Excel Colección Principal 25-sep-2026; alta por curación,True
ADM-6b9581fe-da96-5a5d-af44-98c0c6cc0494,22,"PMCNE-3, Pto. Murialdo",,,pmcne 3 pto murialdo,Excel Colección Principal 25-sep-2026; alta por curación,True
ADM-5959e705-b9c0-52b6-a77d-78b4fe8c669c,21,Subestación Limoncocha,,,subestacion limoncocha,Excel Colección Principal 25-sep-2026; alta por curación,True
ADM-f32cb4c7-913f-593b-8617-36b91befd3d4,21,Vía al pozo Diamante,,,via al pozo diamante,Excel Colección Principal 25-sep-2026; alta por curación,True
ADM-3a309f7a-fddf-552a-a71a-9d1f9cc85174,15,Rio Aguarico 8Km E de Lumbaqui,,,rio aguarico 8km e de lumbaqui,Excel Colección Principal 25-sep-2026; alta por curación,True
ADM-614197c4-d64b-5a43-bde5-565dc03ad0f7,15,Bloque 18 - Kuataraco,,,bloque 18 kuataraco,Excel Colección Principal 25-sep-2026; alta por curación,True
ADM-d31a5289-1a10-5af6-9a65-f33275d65e1f,15,Rio Aguarico (OCP),,,rio aguarico ocp,Excel Colección Principal 25-sep-2026; alta por curación,True
ADM-2b444186-5d99-5acf-b2a5-85799b7844f6,15,"Parque Nacional Yasuní, Lorocachi, Batallón de Selva 48, sendero Sangay, Curaray",,,parque nacional yasuni lorocachi batallon de selva 48 sendero sangay curaray,Excel Colección Principal 25-sep-2026; alta por curación,True
ADM-d4a67ef2-ad0e-5499-8de4-e8dab926cab2,15,BamenoComunidad Waorani de Bameno,,,bamenocomunidad waorani de bameno,Excel Colección Principal 25-sep-2026; alta por curación,True
ADM-7a943459-4429-5974-8a07-ae9ee57784c4,15,"Lliquino, Pandanuque",,,lliquino pandanuque,Excel Colección Principal 25-sep-2026; alta por curación,True
ADM-71896b13-ece4-50e0-bfcf-332ba11d1d1e,15,E. Catolica,,,e catolica,Excel Colección Principal 25-sep-2026; alta por curación,True
ADM-f63ab57e-9582-5d64-9c42-4d35696b7ab7,15,Yasuní,,,yasuni,Excel Colección Principal 25-sep-2026; alta por curación,True
ADM-c3f67ae9-e048-510b-95ab-522c643f8f12,15,Yasuní Pimare Bloque 31,,,yasuni pimare bloque 31,Excel Colección Principal 25-sep-2026; alta por curación,True
ADM-d62e20b9-26d0-5c17-8b36-d0120b21a8d1,15,El Pangui - P.M. Mirador,,,el pangui p m mirador,Excel Colección Principal 25-sep-2026; alta por curación,True
ADM-e4757fcc-4253-54c7-b420-a3bd17c7eb2d,15,Reserva Biologica Bilsa,,,reserva biologica bilsa,Excel Colección Principal 25-sep-2026; alta por curación,True
ADM-10dbc6fd-59d7-526c-8a2b-a59a310f7d0d,15,Cordillera del Cóndor Concesión Pindal,,,cordillera del condor concesion pindal,Excel Colección Principal 25-sep-2026; alta por curación,True
ADM-3b600a66-642f-5bcd-a095-5e72a4ecb2f6,15,Parroquia Sinaí - Sardinayacu,,,parroquia sinai sardinayacu,Excel Colección Principal 25-sep-2026; alta por curación,True
ADM-a20564fb-0204-5386-a24e-fdc7b4b8dd57,15,Rio Nemenguno,,,rio nemenguno,Excel Colección Principal 25-sep-2026; alta por curación,True
ADM-ad30531b-b124-5a59-b13e-8fc1871d3208,15,Mindo Hcda. Teresa,,,mindo hcda teresa,Excel Colección Principal 25-sep-2026; alta por curación,True
ADM-c57a897d-1072-5296-ae61-a26d589e2aeb,15,Nanegal,,,nanegal,Excel Colección Principal 25-sep-2026; alta por curación,True
ADM-8ac46250-1684-5820-9088-89e2e4379497,15,Sta Lucía,,,sta lucia,Excel Colección Principal 25-sep-2026; alta por curación,True
ADM-0d538d16-a14a-5078-96a0-5eb21ba4b4c1,15,Lorocachi,,,lorocachi,Excel Colección Principal 25-sep-2026; alta por curación,True
ADM-1af04195-01a5-5156-b417-b2799dd2fa6f,15,TBS,,,tbs,Excel Colección Principal 25-sep-2026; alta por curación,True
ADM-e5e60323-a01d-5090-b55e-ba928d783ce7,15,Vargas Torres,,,vargas torres,Excel Colección Principal 25-sep-2026; alta por curación,True
ADM-8183a15a-60fa-531d-9d9a-618e64226c0f,15,Villano Pandanuque,,,villano pandanuque,Excel Colección Principal 25-sep-2026; alta por curación,True
ADM-186fc697-6a78-5687-9514-4694e655c026,15,BPS Milpe Rio Tatala,,,bps milpe rio tatala,Excel Colección Principal 25-sep-2026; alta por curación,True
ADM-89f145bc-eec6-5e68-b441-b654fca4d591,15,Villano,,,villano,Excel Colección Principal 25-sep-2026; alta por curación,True
ADM-03fe9ac2-b0b4-592e-8421-43df647356ed,15,Luis Vargas Torres Playa de Oro,,,luis vargas torres playa de oro,Excel Colección Principal 25-sep-2026; alta por curación,True
ADM-da068a6d-0b0f-5bd8-b7d0-a5a58f80e481,15,Nanegalito,,,nanegalito,Excel Colección Principal 25-sep-2026; alta por curación,True
ADM-983982c3-672c-5e58-9e7b-2b14b1f0a4a4,15,El Salado,,,el salado,Excel Colección Principal 25-sep-2026; alta por curación,True
ADM-fb15e9e5-5ec1-5905-9590-764841bfbb45,15,Catamayo,,,catamayo,Excel Colección Principal 25-sep-2026; alta por curación,True
ADM-cf41a2a5-6911-5b78-bcfa-8806de7d1bcd,15,San Isidro Cordillera de Donomo Alto,,,san isidro cordillera de donomo alto,Excel Colección Principal 25-sep-2026; alta por curación,True
ADM-0d47c3e2-6832-55a3-b45f-d0e078598136,15,Cordillera del Cóndor Concesión Sachavaca 1,,,cordillera del condor concesion sachavaca 1,Excel Colección Principal 25-sep-2026; alta por curación,True
ADM-ce4f4890-52a9-527a-972c-2bab5d85b6fe,15,Cordillera del Cóndor Concesión Sachavaca 2(N),,,cordillera del condor concesion sachavaca 2 n,Excel Colección Principal 25-sep-2026; alta por curación,True
ADM-f94613ba-81d9-527a-9d0c-596b1abb34d3,15,Cordillera del Cóndor - Concesión Duquesa,,,cordillera del condor concesion duquesa,Excel Colección Principal 25-sep-2026; alta por curación,True
ADM-889b38bb-99ba-5f22-a11a-0b4e5e2dcd60,15,Cordillera del Cóndor - Lomas Mesa,,,cordillera del condor lomas mesa,Excel Colección Principal 25-sep-2026; alta por curación,True
ADM-2ca27d4f-7ad5-5a9c-a3cd-9255a83e66bb,15,Cordillera del Cóndor - Concesión Colibrí,,,cordillera del condor concesion colibri,Excel Colección Principal 25-sep-2026; alta por curación,True
ADM-88ceae5b-d2db-5900-bbca-13eb199724e9,15,Princesa Rio Blanco,,,princesa rio blanco,Excel Colección Principal 25-sep-2026; alta por curación,True
ADM-e2633623-f83e-56a5-b029-a124f0f37c13,15,Nanegalito - Las Tolas,,,nanegalito las tolas,Excel Colección Principal 25-sep-2026; alta por curación,True
ADM-d066c10f-6e6c-5136-b9d2-1560883195fe,15,Resv. Orq. Pahuma,,,resv orq pahuma,Excel Colección Principal 25-sep-2026; alta por curación,True
ADM-434c362e-83d4-523c-b14d-b38a7e3a44e5,15,Parroquia Orellana,,,parroquia orellana,Excel Colección Principal 25-sep-2026; alta por curación,True
ADM-a9ec1247-7ae1-5f0f-b66f-600a38e17f05,15,B31 Timare,,,b31 timare,Excel Colección Principal 25-sep-2026; alta por curación,True
ADM-38b9e38d-7935-56e5-8839-16f57da76b55,15,TBS Sendero Murcielago,,,tbs sendero murcielago,Excel Colección Principal 25-sep-2026; alta por curación,True
ADM-22758dd1-1982-5b91-8188-7868b20faeca,15,B.P. Milpe Rio Tatala,,,b p milpe rio tatala,Excel Colección Principal 25-sep-2026; alta por curación,True
ADM-78bb16b0-23e1-5acb-809d-57bc9540a2ff,15,Plataforma Villano A,,,plataforma villano a,Excel Colección Principal 25-sep-2026; alta por curación,True
ADM-f6d3a83d-e14b-5f22-b761-696e70a7f822,15,Tarapoa,,,tarapoa,Excel Colección Principal 25-sep-2026; alta por curación,True
ADM-f3fead71-ef29-5e9e-96a1-767320ca2eac,15,Yasuní B16,,,yasuni b16,Excel Colección Principal 25-sep-2026; alta por curación,True
ADM-62428c87-d61b-5287-a7d7-bcd5948066d6,15,Rio Alambi (SECt Guarumos OCP),,,rio alambi sect guarumos ocp,Excel Colección Principal 25-sep-2026; alta por curación,True
ADM-f3a830af-ea1c-5043-b565-9905665b4eb1,15,Santa Rosa 27Km al NE del rio Ahuano,,,santa rosa 27km al ne del rio ahuano,Excel Colección Principal 25-sep-2026; alta por curación,True
ADM-7e831c07-17da-522f-8ca4-6232ea57292e,15,TBS Sendero Murcielago Ceiba Quemada,,,tbs sendero murcielago ceiba quemada,Excel Colección Principal 25-sep-2026; alta por curación,True
ADM-97072554-3741-5b9d-a7d0-ffc2c7da610a,15,Guarumos,,,guarumos,Excel Colección Principal 25-sep-2026; alta por curación,True
ADM-359fc754-1dfe-5763-98e3-2afd2662b78e,15,Lago Agrio,,,lago agrio,Excel Colección Principal 25-sep-2026; alta por curación,True
ADM-16ec8ed7-2d35-58af-bd99-57ff11854dc2,15,"Parque Nacional Yasuní, Pimare Bloque 31",,,parque nacional yasuni pimare bloque 31,Excel Colección Principal 25-sep-2026; alta por curación,True
ADM-79450468-30ae-56fc-bb67-470c0fc8f807,15,Cordillera del Cóndor - RVS El Zarza,,,cordillera del condor rvs el zarza,Excel Colección Principal 25-sep-2026; alta por curación,True
ADM-4facd51d-4bd2-5c86-b678-f4b1c2824ba0,15,Cordillera del Cóndor - Colibri,,,cordillera del condor colibri,Excel Colección Principal 25-sep-2026; alta por curación,True
ADM-9c7347f5-5d68-540f-8f42-2db0ba4ba25a,15,TBI,,,tbi,Excel Colección Principal 25-sep-2026; alta por curación,True
ADM-64b8ccaa-119a-5f0f-88e1-7c3f4d8ab50a,15,Campo Ron,,,campo ron,Excel Colección Principal 25-sep-2026; alta por curación,True
ADM-4d490d5f-fe07-5ad8-85d2-97934d5d0f73,15,"Parque Nacional Yasuní, Río Tiputini, Km 32",,,parque nacional yasuni rio tiputini km 32,Excel Colección Principal 25-sep-2026; alta por curación,True
ADM-64682a14-cfac-5673-92bb-81aec5830511,15,Arajuno - Rio Oglan CEPOA-ECUCE,,,arajuno rio oglan cepoa ecuce,Excel Colección Principal 25-sep-2026; alta por curación,True
ADM-b0afb1de-2c23-56d2-8182-5b7729d71127,15,Rio Alambi (SECt. GuarumosOCP),,,rio alambi sect guarumosocp,Excel Colección Principal 25-sep-2026; alta por curación,True
ADM-219a14fd-544e-51ff-88ea-032b4be318bd,15,Tena - Chontapunta,,,tena chontapunta,Excel Colección Principal 25-sep-2026; alta por curación,True
ADM-1bbb5ead-5b8c-5e24-9572-2ef65253edc8,15,Macas P. Hidroabanico,,,macas p hidroabanico,Excel Colección Principal 25-sep-2026; alta por curación,True
ADM-ddc30e52-2653-5a7b-8a91-43548677c259,15,Bloque 16 NPF,,,bloque 16 npf,Excel Colección Principal 25-sep-2026; alta por curación,True
ADM-a4bf3465-d7a4-5180-9e54-2c42f4781ba0,15,Otonga,,,otonga,Excel Colección Principal 25-sep-2026; alta por curación,True
ADM-9668abf5-cf0c-59db-a92b-6fac4d00aef4,15,Chiriboga,,,chiriboga,Excel Colección Principal 25-sep-2026; alta por curación,True
ADM-d2a0c6e4-64bd-5df4-9321-dd95fcec0cef,15,Rio Alambi Guarumos,,,rio alambi guarumos,Excel Colección Principal 25-sep-2026; alta por curación,True
ADM-cbe2799b-6d97-5763-b98d-0fe86365b0cb,15,Cordillera del Cóndor Concesión Sachavaca,,,cordillera del condor concesion sachavaca,Excel Colección Principal 25-sep-2026; alta por curación,True
ADM-d996d84a-b7af-5f0c-b67c-9cbfa329ff2e,15,P. Sumaco - Napo - Galeras,,,p sumaco napo galeras,Excel Colección Principal 25-sep-2026; alta por curación,True
ADM-4bdbb043-2f0f-57fe-a753-48f31c41bec8,15,Sardinayacu,,,sardinayacu,Excel Colección Principal 25-sep-2026; alta por curación,True
ADM-b1adae21-9192-5d8d-a3e8-df703d288702,15,Parroquia Zuñac P.N. Sangay Tingulchaca,,,parroquia zunac p n sangay tingulchaca,Excel Colección Principal 25-sep-2026; alta por curación,True
ADM-20030b2c-b25d-57f8-b8d8-f5520dae64cf,15,Milpe - Rio Tatala,,,milpe rio tatala,Excel Colección Principal 25-sep-2026; alta por curación,True
ADM-12fafd41-df1f-527c-a94c-ab8f4689c272,15,Pto Quito Hda. Esc. Espejo,,,pto quito hda esc espejo,Excel Colección Principal 25-sep-2026; alta por curación,True
ADM-60fb5820-2e8c-5629-8998-1b6b9c36a24e,15,Cordillera del Cóndor Concesión Shacavaca 1,,,cordillera del condor concesion shacavaca 1,Excel Colección Principal 25-sep-2026; alta por curación,True
ADM-5b07f372-172b-5446-978e-13edd3b6d8e7,15,Limon Indanza - Centro Shuar Waritza,,,limon indanza centro shuar waritza,Excel Colección Principal 25-sep-2026; alta por curación,True
ADM-15c17755-1826-5330-bc7a-56baca80492d,15,BPP Bilsa,,,bpp bilsa,Excel Colección Principal 25-sep-2026; alta por curación,True
ADM-c5a5af2e-d26e-5a30-b22c-bd2a054f78dc,15,Cordillera de Domono Alto,,,cordillera de domono alto,Excel Colección Principal 25-sep-2026; alta por curación,True
ADM-b4525605-b965-51b1-98e4-b4b3ab841dd1,15,Confluencia Rio Quijos y El Salado,,,confluencia rio quijos y el salado,Excel Colección Principal 25-sep-2026; alta por curación,True
ADM-5c1e44c0-de83-5b2f-9a7c-ce675e95a407,15,Sendero Harpia,,,sendero harpia,Excel Colección Principal 25-sep-2026; alta por curación,True
ADM-3962a0dc-9ea0-5a04-a678-00df494d2b61,15,"Parque Nacional Yasuní, PM3 Bloque 31",,,parque nacional yasuni pm3 bloque 31,Excel Colección Principal 25-sep-2026; alta por curación,True
ADM-d0605adf-53d6-5a57-8e6b-6aa620d0873c,15,ZuñacP.N. Sangay Tinguicacha,,,zunacp n sangay tinguicacha,Excel Colección Principal 25-sep-2026; alta por curación,True
ADM-a02cd402-a476-5c4a-a7fb-a5ca90e5e253,15,Reserva Biologica Tapichalaca,,,reserva biologica tapichalaca,Excel Colección Principal 25-sep-2026; alta por curación,True
ADM-dc3b246b-6f21-504d-a841-6753539bc9b9,15,"Parque Nacional Yasuní, Apaika Sur Bloque 31",,,parque nacional yasuni apaika sur bloque 31,Excel Colección Principal 25-sep-2026; alta por curación,True
ADM-912eae19-6984-58e4-a334-931fbd0a6150,15,Via a Loreto,,,via a loreto,Excel Colección Principal 25-sep-2026; alta por curación,True
ADM-fa7bcdac-7a2c-5d07-891c-a6c8d49152ec,15,RECintos Monoloma y El Retorno,,,recintos monoloma y el retorno,Excel Colección Principal 25-sep-2026; alta por curación,True
ADM-ba0995ac-0391-5517-abd7-4234d5bb1103,15,Ponce Enriquez,,,ponce enriquez,Excel Colección Principal 25-sep-2026; alta por curación,True
ADM-d105d463-5abe-5c01-9acd-f22317de2a9f,15,Sucua - Parroquia Asunción,,,sucua parroquia asuncion,Excel Colección Principal 25-sep-2026; alta por curación,True
ADM-d68e5548-1023-5988-bc4d-ddd77336787b,15,Gonzalo Pizarro,,,gonzalo pizarro,Excel Colección Principal 25-sep-2026; alta por curación,True
ADM-8cfc1932-ca24-5c62-9dd4-6279d8b693e6,15,"Parque Nacional Yasuní, Tivacuno Boque 31",,,parque nacional yasuni tivacuno boque 31,Excel Colección Principal 25-sep-2026; alta por curación,True
ADM-8138443d-f98a-5839-953b-e7790c3367c0,15,Km 117 via Pompeya,,,km 117 via pompeya,Excel Colección Principal 25-sep-2026; alta por curación,True
ADM-2c9bc793-7be0-51cd-a318-e36dd542e267,15,Rio Payamino,,,rio payamino,Excel Colección Principal 25-sep-2026; alta por curación,True
ADM-606fb939-5830-5b95-8619-72bea4ba3c2e,15,Malacatos,,,malacatos,Excel Colección Principal 25-sep-2026; alta por curación,True
ADM-b0aac15e-160d-502b-89dd-65475a27244b,15,Cordillera del Cóndor ConsECión Sachavaca 2(N),,,cordillera del condor consecion sachavaca 2 n,Excel Colección Principal 25-sep-2026; alta por curación,True
ADM-7cbe65d5-5244-57df-80c4-355889e86639,15,Cosanga - Sierra Azul - Valle Hermoso,,,cosanga sierra azul valle hermoso,Excel Colección Principal 25-sep-2026; alta por curación,True
ADM-5d867f61-df14-5d6e-882d-1a21e7b05945,15,Quito,,,quito,Excel Colección Principal 25-sep-2026; alta por curación,True
ADM-85e58895-d108-5d3a-93ba-e4e1c5a61356,15,Yanzatza,,,yanzatza,Excel Colección Principal 25-sep-2026; alta por curación,True
ADM-988764ac-95a7-542b-8ac9-8877c2204632,15,Cord. Del Cóndor Concesión Sachavaca,,,cord del condor concesion sachavaca,Excel Colección Principal 25-sep-2026; alta por curación,True
ADM-8b7f33b1-effb-5c07-a26a-2bb6c44183f3,15,Reserva Tapichalaca,,,reserva tapichalaca,Excel Colección Principal 25-sep-2026; alta por curación,True
ADM-c0c0ff97-7257-5d36-98bb-18d539a430e4,15,Parque InglesSan Carlos,,,parque inglessan carlos,Excel Colección Principal 25-sep-2026; alta por curación,True
ADM-777a71ef-5d46-5eaa-a002-9af13412bc90,15,EPN La Floresta,,,epn la floresta,Excel Colección Principal 25-sep-2026; alta por curación,True
ADM-926f287d-ab72-54a3-b170-3461d5f61419,15,Bosque Protector Pichincha,,,bosque protector pichincha,Excel Colección Principal 25-sep-2026; alta por curación,True
ADM-62c705dc-ecb7-5a56-819b-2db362f7cbe2,15,Quito Bosque de Miraflores,,,quito bosque de miraflores,Excel Colección Principal 25-sep-2026; alta por curación,True
ADM-c7c590ff-d2e2-54eb-87f6-c740e56c7305,15,EPN Jardines ICA,,,epn jardines ica,Excel Colección Principal 25-sep-2026; alta por curación,True
ADM-12952c0e-7188-54bd-8fdf-f6bc69f196da,15,Timare,,,timare,Excel Colección Principal 25-sep-2026; alta por curación,True
ADM-2dd58c25-0bfe-53c7-82fb-a4b474e16e51,15,Limoncocha - Sendero del Caiman,,,limoncocha sendero del caiman,Excel Colección Principal 25-sep-2026; alta por curación,True
ADM-65a7ab6e-1324-5419-b1eb-95ec202bdc49,15,Huaca - Hcda La Bretaña,,,huaca hcda la bretana,Excel Colección Principal 25-sep-2026; alta por curación,True
ADM-c476f8c1-1f03-5cc2-9d4c-182aa4ef2407,15,Alambi - SECt Guarumos,,,alambi sect guarumos,Excel Colección Principal 25-sep-2026; alta por curación,True
ADM-e1c2c859-d5d8-558f-ac43-ce4940678d06,15,El Chaco,EL CHACO,EL CHACO,el chaco el chaco,Excel Colección Principal 25-sep-2026; alta por curación,True
ADM-8b1259e9-c75e-5f92-8920-c5bfaa502c42,15,Quito Bosque Protector Pichincha,,,quito bosque protector pichincha,Excel Colección Principal 25-sep-2026; alta por curación,True
ADM-f98e6a71-5ab5-525e-bb5b-74b25609b02b,15,Rio Aguarico (OCP) Bosque T.F.,,,rio aguarico ocp bosque t f,Excel Colección Principal 25-sep-2026; alta por curación,True
ADM-0cdfa6c4-10be-5dae-80ed-2aaf36b4c2e8,15,BPP,,,bpp,Excel Colección Principal 25-sep-2026; alta por curación,True
ADM-dbeff559-b971-5ba6-a4cf-06aded6846d7,15,BPP Quito - Miraflores,,,bpp quito miraflores,Excel Colección Principal 25-sep-2026; alta por curación,True
ADM-13f9fe83-a959-5cf1-9745-512a725669ed,15,Mindo,,,mindo,Excel Colección Principal 25-sep-2026; alta por curación,True
ADM-f03fc452-4399-5ede-9e56-c6c11e3a49f5,17,S/D,,,s d,Excel Colección Principal 25-sep-2026; alta por curación,True
ADM-2daa566b-41a3-5699-a441-880bd67e6b86,17,Hda. Santa Ana cerca a Cotocollao,,,hda santa ana cerca a cotocollao,Excel Colección Principal 25-sep-2026; alta por curación,True
ADM-333efd64-98ee-593f-9cd8-9a8266b91be2,17,Puéllaro,DISTRITO METROPOLITANO DE QUITO,PUÉLLARO,puellaro puellaro,Excel Colección Principal 25-sep-2026; alta por curación,True
ADM-6a075850-00c5-5f5c-9947-502d7203453c,16,Puyo,PASTAZA,PUYO,puyo puyo,Excel Colección Principal 25-sep-2026; alta por curación,True
ADM-03dd1a1b-3e37-5296-a4c8-4672efd845e3,17,Quito,DISTRITO METROPOLITANO DE QUITO,QUITO,quito quito,Excel Colección Principal 25-sep-2026; alta por curación,True
ADM-8910b5e5-45ca-53c6-8095-7a4e44ab252c,16,Sarayacu,PASTAZA,SARAYACU,sarayacu sarayacu,Excel Colección Principal 25-sep-2026; alta por curación,True
ADM-4c490163-fa8a-5acf-bb0f-1fbe1f205028,18,Ambato,AMBATO,AMBATO,ambato ambato,Excel Colección Principal 25-sep-2026; alta por curación,True
ADM-f8c3eb46-5213-5b78-9a60-f5ac5ca192fa,17,Cumbayá,DISTRITO METROPOLITANO DE QUITO,TUMBACO,cumbaya tumbaco,Excel Colección Principal 25-sep-2026; alta por curación,True
ADM-6f81864a-8b09-5552-8c9c-10bae97db278,22,Loreto Alto Napo,,,loreto alto napo,Excel Colección Principal 25-sep-2026; alta por curación,True
ADM-37bdfe2d-8fa7-53ac-bec8-78a8b67339eb,11,San Pedro de la Bendita,CATAMAYO,SAN PEDRO DE LA BENDITA,san pedro de la bendita san pedro de la bendita,Excel Colección Principal 25-sep-2026; alta por curación,True
ADM-b3280a34-ae03-5f0d-83e2-c13158e767dc,05,Salcedo,SALCEDO,PANSALEO (CAB. EN PANZALEO ),salcedo pansaleo cab en panzaleo,Excel Colección Principal 25-sep-2026; alta por curación,True
ADM-b80a3d2c-abd3-5115-bf38-59cc142dbee8,17,Gualea,DISTRITO METROPOLITANO DE QUITO,GUALEA,gualea gualea,Excel Colección Principal 25-sep-2026; alta por curación,True
ADM-a9dbcdb6-ae90-5835-86aa-ff9bdd918b45,22,Cotapino Alto Napo,,,cotapino alto napo,Excel Colección Principal 25-sep-2026; alta por curación,True
ADM-80bcb495-95c6-5e62-9d9e-5e428fa76c5c,17,Conocoto,DISTRITO METROPOLITANO DE QUITO,AMAGUAÑA,conocoto amaguana,Excel Colección Principal 25-sep-2026; alta por curación,True
ADM-806dde45-ae22-5e0c-befc-8b4a92ae0188,23,Mulaute entre Santo Domingo y Quinindé,,,mulaute entre santo domingo y quininde,Excel Colección Principal 25-sep-2026; alta por curación,True
ADM-d45378fa-a47c-526d-9b43-7759dd9c21d0,15,Cord de galeras alto Napo,,,cord de galeras alto napo,Excel Colección Principal 25-sep-2026; alta por curación,True
ADM-e6fb271e-e015-555e-b599-3783f1993072,15,Napo,,,napo,Excel Colección Principal 25-sep-2026; alta por curación,True
ADM-bd5024c1-ef64-5cb5-812d-b342884cbce7,10,Intag,,,intag,Excel Colección Principal 25-sep-2026; alta por curación,True
ADM-ab30bfca-1e5e-51b4-bc66-e597bf0f4605,16,Río Conambo,,,rio conambo,Excel Colección Principal 25-sep-2026; alta por curación,True
ADM-55768e33-2583-5e16-a5e2-e9a29b4ba9ea,16,Montalvo,PASTAZA,MONTALVO,montalvo montalvo,Excel Colección Principal 25-sep-2026; alta por curación,True
ADM-6534c31d-a180-5b69-826f-856f1369e971,22,Boca del Río Coca,,,boca del rio coca,Excel Colección Principal 25-sep-2026; alta por curación,True
ADM-56e549a7-d614-5086-ba56-ef8f64243c7b,15,Alrededor Tena,,,alrededor tena,Excel Colección Principal 25-sep-2026; alta por curación,True
ADM-53452828-d8e2-59c9-aa49-9906316a9082,17,Pachijal,,,pachijal,Excel Colección Principal 25-sep-2026; alta por curación,True
ADM-e88b6814-402d-522c-a6dd-170f8e599f53,17,Tandayapa,,,tandayapa,Excel Colección Principal 25-sep-2026; alta por curación,True
ADM-fe9261d2-a4e8-5001-8178-b908631bc281,20,Baquerizo MorenoIsla San Cristóbal,,,baquerizo morenoisla san cristobal,Excel Colección Principal 25-sep-2026; alta por curación,True
ADM-27bdddc9-8c64-532f-a01a-b36a22a21f70,16,Chicherota bajo Bobonaza (Chichrata),,,chicherota bajo bobonaza chichrata,Excel Colección Principal 25-sep-2026; alta por curación,True
ADM-e43eddcd-179f-560a-b21a-f5821da07088,20,Isla Santa Cruz,,,isla santa cruz,Excel Colección Principal 25-sep-2026; alta por curación,True
ADM-12ab6f26-8cbf-5ad3-b571-426ee4d457ac,17,Región Interandina,,,region interandina,Excel Colección Principal 25-sep-2026; alta por curación,True
ADM-87752ee6-5da4-576d-bbc7-e2f1885f118f,17,ChECa,DISTRITO METROPOLITANO DE QUITO,CHECA,checa checa,Excel Colección Principal 25-sep-2026; alta por curación,True
ADM-d842316c-fe98-5e8d-9bb8-a025c11b32fb,17,Río Chiche cerca a Tumbaco,,,rio chiche cerca a tumbaco,Excel Colección Principal 25-sep-2026; alta por curación,True
ADM-b4a131b3-cbee-5424-a88e-da46237a6a4c,17,Llano Chico,DISTRITO METROPOLITANO DE QUITO,QUITO,llano chico quito,Excel Colección Principal 25-sep-2026; alta por curación,True
ADM-a628ec5b-af33-5708-a676-b8ead4ca3739,15,Pie de la cordillera de Galeras- Alto Napo,,,pie de la cordillera de galeras alto napo,Excel Colección Principal 25-sep-2026; alta por curación,True
ADM-56d4291a-234a-54ee-a062-ef1d56c5f95b,14,Miazal,,,miazal,Excel Colección Principal 25-sep-2026; alta por curación,True
ADM-aa435a03-f6bb-5e75-b455-f0b939479d96,17,Hacienda Carcelén al Norte de Cotocollao,,,hacienda carcelen al norte de cotocollao,Excel Colección Principal 25-sep-2026; alta por curación,True
ADM-85ca7cce-cb0f-5996-b1f7-5231edc4baba,22,Cotapino,,,cotapino,Excel Colección Principal 25-sep-2026; alta por curación,True
ADM-d91cbf49-dcb5-5fca-b973-3e405be12929,15,Población cerca del río Napo,,,poblacion cerca del rio napo,Excel Colección Principal 25-sep-2026; alta por curación,True
ADM-8a714bcf-d361-5f6e-80d8-4e1e3166445c,15,Más abajo de Baeza,,,mas abajo de baeza,Excel Colección Principal 25-sep-2026; alta por curación,True
ADM-9b54ee36-4cc7-52a6-8ddf-338275e0cb28,17,Pichincha- Región Interandina,,,pichincha region interandina,Excel Colección Principal 25-sep-2026; alta por curación,True
ADM-2f169c4d-969d-5cce-88bb-3348ae3a287d,14,Morona,MORONA,SEVILLA DON BOSCO,morona sevilla don bosco,Excel Colección Principal 25-sep-2026; alta por curación,True
ADM-2d74e736-a6e1-5a1f-99fd-dcef88936bdd,24,Santa Elena (Guayas) Falda N del cerro de Ballenita,,,santa elena guayas falda n del cerro de ballenita,Excel Colección Principal 25-sep-2026; alta por curación,True
ADM-f4548195-308e-5849-a8fc-762f39143a65,17,Entre Gualea y Tandayapa,,,entre gualea y tandayapa,Excel Colección Principal 25-sep-2026; alta por curación,True
ADM-0b2eea06-dc05-55e0-b556-b2aca18e0801,17,San Tadeovía Mindo,,,san tadeovia mindo,Excel Colección Principal 25-sep-2026; alta por curación,True
ADM-a61e0bcf-ac7a-5937-9d71-e3a5fff07c14,15,Chicherota bajo Bobonaza (Chichrata),,,chicherota bajo bobonaza chichrata,Excel Colección Principal 25-sep-2026; alta por curación,True
ADM-b96b54e6-802b-5a0b-8273-6123d32d15f5,23,San Miguel,,,san miguel,Excel Colección Principal 25-sep-2026; alta por curación,True
ADM-f8f78d2b-add5-5683-aef7-be20fa2ce2f3,23,Santo Domingo de los Colorados Quininde,,,santo domingo de los colorados quininde,Excel Colección Principal 25-sep-2026; alta por curación,True
ADM-7da6f0d2-46db-5d84-9cce-d157d8c48622,24,Falda Norte del Cerro Ballenita,,,falda norte del cerro ballenita,Excel Colección Principal 25-sep-2026; alta por curación,True
ADM-8198a15b-7334-57d8-87be-d5ae3933664d,17,Chorrera del Pichincha,,,chorrera del pichincha,Excel Colección Principal 25-sep-2026; alta por curación,True
ADM-95f5a016-bf23-5383-a0b4-a1bbf256cf88,13,San Vicente-Bahía de Caráquez,,,san vicente bahia de caraquez,Excel Colección Principal 25-sep-2026; alta por curación,True
ADM-3bfd59ed-dda8-528a-a35c-89bf9f588667,08,Punta La Piedra,,,punta la piedra,Excel Colección Principal 25-sep-2026; alta por curación,True
ADM-15e8c6ac-9f2c-5f95-99ca-b8dea8720334,09,Balzar,BALZAR,BALZAR,balzar balzar,Excel Colección Principal 25-sep-2026; alta por curación,True
ADM-9d4c4c39-6e34-5558-b756-eedaf347097d,19,Miagal Río Santiago,,,miagal rio santiago,Excel Colección Principal 25-sep-2026; alta por curación,True
ADM-d2a409a1-38f3-5912-8d39-527489047485,23,San Miguel de los Colorados,,,san miguel de los colorados,Excel Colección Principal 25-sep-2026; alta por curación,True
ADM-439b79fa-39b4-5cb1-adaa-801d907395fe,08,S/D,,,s d,Excel Colección Principal 25-sep-2026; alta por curación,True
ADM-478a3059-cadf-5200-8e1f-05d29b006c26,13,Quebrada Balsa Maragua,,,quebrada balsa maragua,Excel Colección Principal 25-sep-2026; alta por curación,True
ADM-6f38ce0b-945d-559f-99e4-d549e78fb823,17,Alaspungo,,,alaspungo,Excel Colección Principal 25-sep-2026; alta por curación,True
ADM-a686efba-fe62-5f7d-9e64-5aeab23503a7,16,Río Conambo- Prov. Pastaza,,,rio conambo prov pastaza,Excel Colección Principal 25-sep-2026; alta por curación,True
ADM-2475c27a-7894-5938-a41d-32d53f1c0988,23,Santo Domingo de los Tsáchilas,,,santo domingo de los tsachilas,Excel Colección Principal 25-sep-2026; alta por curación,True
ADM-b22cdbc4-4d4c-5eab-99fc-9dd73c11d7c6,11,Río Catamayo,,,rio catamayo,Excel Colección Principal 25-sep-2026; alta por curación,True
ADM-a9400dd8-1d6e-5f1c-9af2-27d401b2c676,17,VECindades de Nanegal,,,vecindades de nanegal,Excel Colección Principal 25-sep-2026; alta por curación,True
ADM-86280de6-39db-5906-b0bb-add896411c10,16,Río OglánAlto Curaray,,,rio oglanalto curaray,Excel Colección Principal 25-sep-2026; alta por curación,True
ADM-05e8da21-d132-589e-a5dc-6e94bfcc32dc,17,Pomasqui provincia Pichincha,,,pomasqui provincia pichincha,Excel Colección Principal 25-sep-2026; alta por curación,True
ADM-04c753df-6e95-5811-8adb-584869afefa5,17,Bajada de Quito a Conocoto,,,bajada de quito a conocoto,Excel Colección Principal 25-sep-2026; alta por curación,True
ADM-b253e9f1-4cba-5855-b75f-04342d943f0b,01,Región de Cuenca,,,region de cuenca,Excel Colección Principal 25-sep-2026; alta por curación,True
ADM-d7b24b05-86bd-5511-a16f-7bba3c42ad45,17,Prov Pichincha,,,prov pichincha,Excel Colección Principal 25-sep-2026; alta por curación,True
ADM-dc48b9fb-1b49-5f43-af39-01c84a2a8279,05,Latacunga,LATACUNGA,LATACUNGA,latacunga latacunga,Excel Colección Principal 25-sep-2026; alta por curación,True
ADM-56edfc58-7e63-5bef-a861-ec0260cea200,01,OñaSusudalantigua carretera a Loja,,,onasusudalantigua carretera a loja,Excel Colección Principal 25-sep-2026; alta por curación,True
ADM-4047d859-04fb-5c39-8b71-19befcf57c5b,15,Quebrada de Cotagcerca de Puerto Napo,,,quebrada de cotagcerca de puerto napo,Excel Colección Principal 25-sep-2026; alta por curación,True
ADM-2f123b82-d4c6-57e3-be12-278520d2c179,08,Finca la EsperanzaSanto Domingo de los Colorados,,,finca la esperanzasanto domingo de los colorados,Excel Colección Principal 25-sep-2026; alta por curación,True
ADM-cdea2671-22f3-5f0b-9b9d-76f8627116c5,22,Concepción,,,concepcion,Excel Colección Principal 25-sep-2026; alta por curación,True
ADM-9642967c-6d49-5197-bb47-75045c2bd67e,23,Sando Domingo de los Tsachilas,,,sando domingo de los tsachilas,Excel Colección Principal 25-sep-2026; alta por curación,True
ADM-70440770-cee4-5b07-bf02-5195e54a72fa,08,Esmeraldas,ESMERALDAS,ESMERALDAS,esmeraldas esmeraldas,Excel Colección Principal 25-sep-2026; alta por curación,True
ADM-fc4c923e-1331-564a-b6e2-a9d4cde75d84,15,Río Bobonaza,,,rio bobonaza,Excel Colección Principal 25-sep-2026; alta por curación,True
ADM-150994df-1af8-5cc4-a975-a555335c3ed4,09,Cerro de MalaIsla Puná,,,cerro de malaisla puna,Excel Colección Principal 25-sep-2026; alta por curación,True
ADM-256d29e9-bf29-5be1-85c0-e0b7d443c676,21,Pacayacu,LAGO AGRIO,PACAYACU,pacayacu pacayacu,Excel Colección Principal 25-sep-2026; alta por curación,True
ADM-1e704c87-a37b-5799-aef4-4896fd73264d,09,Cerro Colorado,,,cerro colorado,Excel Colección Principal 25-sep-2026; alta por curación,True
ADM-750a0212-5260-517f-b85d-5899520d8454,12,Hacienda Camarones al Occidente de Quevedo,,,hacienda camarones al occidente de quevedo,Excel Colección Principal 25-sep-2026; alta por curación,True
ADM-5cb60c6d-09f1-5b8b-99ed-6b7aefc62ce0,09,La Carolina,,,la carolina,Excel Colección Principal 25-sep-2026; alta por curación,True
ADM-8f1a8692-db35-5b14-8666-539cdb3f958c,10,Lita,IBARRA,LITA,lita lita,Excel Colección Principal 25-sep-2026; alta por curación,True
ADM-a93be70d-5089-5f73-bd2d-91e7e79f75c4,11,San Pedro de la Bendita. Bosques sECos,,,san pedro de la bendita bosques secos,Excel Colección Principal 25-sep-2026; alta por curación,True
ADM-09e72bb0-4fac-5ffc-9dc0-ed9e3a146d58,05,LatacungaLaguna del Parque,,,latacungalaguna del parque,Excel Colección Principal 25-sep-2026; alta por curación,True
ADM-ce810288-409a-589a-973e-30585164d3a6,14,SECtor la Libertad,,,sector la libertad,Excel Colección Principal 25-sep-2026; alta por curación,True
ADM-0175f9e7-0e65-500c-b9dd-78a71c905565,11,San Pedro de la BenditaBosques sECos,,,san pedro de la benditabosques secos,Excel Colección Principal 25-sep-2026; alta por curación,True
ADM-415dee69-f644-57d8-9257-abc2645a076a,20,Isla San CristóbalBaquerizo Moreno (Playa),,,isla san cristobalbaquerizo moreno playa,Excel Colección Principal 25-sep-2026; alta por curación,True
ADM-5682611e-8291-5ba0-a3d5-149a8afb893d,15,Chicherota bajo Bobonaza,,,chicherota bajo bobonaza,Excel Colección Principal 25-sep-2026; alta por curación,True
ADM-5c14955f-3c00-5cb5-860c-07d63ae5acf8,17,Región Mindo,,,region mindo,Excel Colección Principal 25-sep-2026; alta por curación,True
ADM-f4679919-a09d-5534-be36-66b6558244fa,15,Cotapino,,,cotapino,Excel Colección Principal 25-sep-2026; alta por curación,True
ADM-903683a1-1881-5a4e-9c9d-bf0be1b2ea8a,15,Cerca boca del Rutuna en el Bobonaza,,,cerca boca del rutuna en el bobonaza,Excel Colección Principal 25-sep-2026; alta por curación,True
ADM-0b9c8a15-e989-5ade-9da6-2ee5c117ea16,17,San Tadeovía a Mindo,,,san tadeovia a mindo,Excel Colección Principal 25-sep-2026; alta por curación,True
ADM-3bad5132-2c44-5176-8cbf-b39848c8c019,10,García Moreno,COTACACHI,GARCÍA MORENO,garcia moreno garcia moreno,Excel Colección Principal 25-sep-2026; alta por curación,True
ADM-f99ded0f-4679-5bcb-95e0-c4f0709a82bc,16,PuyoJatunyacu entre Puyo y Canelos,,,puyojatunyacu entre puyo y canelos,Excel Colección Principal 25-sep-2026; alta por curación,True
ADM-79982e14-c171-5cbb-b704-039876d9536d,19,Chiguaza,,,chiguaza,Excel Colección Principal 25-sep-2026; alta por curación,True
ADM-07b48cfc-9452-5640-aa19-25048deaf28a,15,PayaminoAfluente del Napo,,,payaminoafluente del napo,Excel Colección Principal 25-sep-2026; alta por curación,True
ADM-2b14cfe3-fd71-5c2d-ae6a-d4114cd168b5,16,Oglán Curaray,,,oglan curaray,Excel Colección Principal 25-sep-2026; alta por curación,True
ADM-d7b1a191-5603-515d-8058-7e04abd66fe7,17,Subtropical,,,subtropical,Excel Colección Principal 25-sep-2026; alta por curación,True
ADM-ec190e79-1f94-5163-a434-47a1ff05fa72,17,Mulautevía a Quinindé,,,mulautevia a quininde,Excel Colección Principal 25-sep-2026; alta por curación,True
ADM-85cef2d8-a722-5b2a-a2f0-18afce26efd7,17,Horongo Nanegal,,,horongo nanegal,Excel Colección Principal 25-sep-2026; alta por curación,True
ADM-de1adde7-6e6d-5408-9a86-b273e9c9a322,17,Provincia de Pichincha,,,provincia de pichincha,Excel Colección Principal 25-sep-2026; alta por curación,True
ADM-1b679e09-cc53-5d4b-baf6-f874369bda26,23,Santo Domingo,SANTO DOMINGO,SANTO DOMINGO DE LOS COLORADOS,santo domingo santo domingo de los colorados,Excel Colección Principal 25-sep-2026; alta por curación,True
ADM-e1f288cc-c08d-5dc6-b39f-b4f2bfe0e230,12,Quevedo,QUEVEDO,QUEVEDO,quevedo quevedo,Excel Colección Principal 25-sep-2026; alta por curación,True
ADM-5aa4750e-cd66-5ce4-8f8a-6d42e0edcf70,17,San José de Minas,DISTRITO METROPOLITANO DE QUITO,SAN JOSÉ DE MINAS,san jose de minas san jose de minas,Excel Colección Principal 25-sep-2026; alta por curación,True
ADM-b0294142-a8cc-55d5-87db-e01fa88acff8,23,Vía a Quinindé,,,via a quininde,Excel Colección Principal 25-sep-2026; alta por curación,True
ADM-2af6507f-7b19-5ac7-89ce-a9d788a6a6a5,17,Montañas de HorongoNanegal,,,montanas de horongonanegal,Excel Colección Principal 25-sep-2026; alta por curación,True
ADM-6182c44e-33b9-51a7-9009-2d02ac580bb5,10,Occidente Imbabura,,,occidente imbabura,Excel Colección Principal 25-sep-2026; alta por curación,True
ADM-a67069da-21b1-5d7e-8925-77401e0fbee8,19,Provincia Santiago Zamora,,,provincia santiago zamora,Excel Colección Principal 25-sep-2026; alta por curación,True
ADM-2bd9ae4b-efe5-55e2-84f7-72e8023a3943,14,Chiguaza,HUAMBOYA,CHIGUAZA,chiguaza chiguaza,Excel Colección Principal 25-sep-2026; alta por curación,True
ADM-2f48f998-1dee-506d-b3aa-aae24fb62dad,15,Pacayacu,,,pacayacu,Excel Colección Principal 25-sep-2026; alta por curación,True
ADM-e7703fb1-9422-5b43-8449-e807f8add9bb,16,Chicherota bajo Bobonaza,,,chicherota bajo bobonaza,Excel Colección Principal 25-sep-2026; alta por curación,True
ADM-cefe91e6-8402-5947-b9f2-cd4e3cf43363,14,Río Yuguipa Macas,,,rio yuguipa macas,Excel Colección Principal 25-sep-2026; alta por curación,True
ADM-7775f851-2eba-5694-83f1-d35daf37ea5b,16,Cerca boca del Rutuna en el Bobonaza,,,cerca boca del rutuna en el bobonaza,Excel Colección Principal 25-sep-2026; alta por curación,True
ADM-1cd6faa4-0b5f-5857-bdd3-92f2adba8734,01,Cañón del Jirón,,,canon del jiron,Excel Colección Principal 25-sep-2026; alta por curación,True
ADM-b6a45076-4abf-5f41-af36-2949d394f6b9,16,Rio Pastaza,PASTAZA,SIMÓN BOLÍVAR  (CAB. EN MUSHULLACTA),rio pastaza simon bolivar cab en mushullacta,Excel Colección Principal 25-sep-2026; alta por curación,True
ADM-0c274e3a-8f10-53d6-8da4-6fd9e3f93c8a,22,Dayuma,FRANCISCO DE ORELLANA,DAYUMA,dayuma dayuma,Excel Colección Principal 25-sep-2026; alta por curación,True
ADM-87f749da-77c5-5ae5-97fb-d92864d33f4a,19,Cordillera del Condor. Concesion Sachavaca 1,,,cordillera del condor concesion sachavaca 1,Excel Colección Principal 25-sep-2026; alta por curación,True
ADM-17590097-4599-5ca7-a4c6-4723c1b4dbde,19,Cordillera del Cóndor Concesión Sachavaca 2,,,cordillera del condor concesion sachavaca 2,Excel Colección Principal 25-sep-2026; alta por curación,True
ADM-20eceee1-3686-5cd1-bd5d-70c9c9897da4,19,Cordillera del Cóndor Concesión Sachavaca 3,,,cordillera del condor concesion sachavaca 3,Excel Colección Principal 25-sep-2026; alta por curación,True
ADM-d191cdc5-5563-5af0-a1d0-0c92dee9e63c,19,Cordillera del Cóndor Concesión Sachavaca 4,,,cordillera del condor concesion sachavaca 4,Excel Colección Principal 25-sep-2026; alta por curación,True
ADM-f390b72c-854e-52cf-9840-4bd8b7fe0363,19,Cordillera del Cóndor Concesión Sachavaca 5,,,cordillera del condor concesion sachavaca 5,Excel Colección Principal 25-sep-2026; alta por curación,True
ADM-4d16e3a3-9ab5-5db4-9410-808538fe47f1,19,Cordillera del Cóndor Concesión Sachavaca 6,,,cordillera del condor concesion sachavaca 6,Excel Colección Principal 25-sep-2026; alta por curación,True
ADM-7f861ba6-d55f-528f-a38d-9dc685eb46e9,19,Cordillera del Cóndor Concesión Sachavaca 7,,,cordillera del condor concesion sachavaca 7,Excel Colección Principal 25-sep-2026; alta por curación,True
ADM-f0a5c42f-cc55-54a3-b554-ea3812581a93,19,Cordillera del Cóndor Concesión Sachavaca 8,,,cordillera del condor concesion sachavaca 8,Excel Colección Principal 25-sep-2026; alta por curación,True
ADM-a948db86-d870-5522-98fc-c4c59c3e6946,04,Huaca - Hcda La Bretaña,,,huaca hcda la bretana,Excel Colección Principal 25-sep-2026; alta por curación,True
ADM-f99c53bc-6521-5d5a-9608-a2009d16eaf7,16,Arajuno - Rio Oglan CEPLOA - ECU,,,arajuno rio oglan ceploa ecu,Excel Colección Principal 25-sep-2026; alta por curación,True
ADM-d6a00fe1-0287-5f1f-9cbc-5d7d8da98548,17,Cruz Loma,,,cruz loma,Excel Colección Principal 25-sep-2026; alta por curación,True
ADM-428743fc-64fc-5520-a2e9-6c93a905577e,16,Bameno Comunidad Waorani de Bameno,,,bameno comunidad waorani de bameno,Excel Colección Principal 25-sep-2026; alta por curación,True
ADM-e08fd092-409c-5140-a949-b0ee19bc8c61,08,Reserva Biologica Bilsa,,,reserva biologica bilsa,Excel Colección Principal 25-sep-2026; alta por curación,True
ADM-eaf1170f-14e5-5310-bae7-5eb4a0b2c62c,22,TBS,,,tbs,Excel Colección Principal 25-sep-2026; alta por curación,True
ADM-a3d0b4c5-dcc2-5bac-b54c-431149e18527,15,Yasuni Bloque 16,,,yasuni bloque 16,Excel Colección Principal 25-sep-2026; alta por curación,True
ADM-8610f354-f9e1-575d-bf10-a4c4bfd39243,22,"Parque Nacional Yasuni, Bloque 31 Chiru Isla",,,parque nacional yasuni bloque 31 chiru isla,Excel Colección Principal 25-sep-2026; alta por curación,True
ADM-5b8aca9f-07ee-5287-9e2c-a8ffe0f743e6,04,El Goaltal,ESPEJO,EL GOALTAL,el goaltal el goaltal,Excel Colección Principal 25-sep-2026; alta por curación,True
ADM-36486ebd-229e-50ff-b138-adaacf83c47e,16,Arajuno - Rio Oglan CEPLOA-ECUCE,,,arajuno rio oglan ceploa ecuce,Excel Colección Principal 25-sep-2026; alta por curación,True
ADM-6a6971bc-13e1-5861-ad98-8d207e77ebe9,22,"Parque Nacional Yasuni, Pimare Bloque 31",,,parque nacional yasuni pimare bloque 31,Excel Colección Principal 25-sep-2026; alta por curación,True
ADM-d61c7aa6-0653-5e66-b268-2455e876a9c8,19,Reserva Biologica Tapichalaca,,,reserva biologica tapichalaca,Excel Colección Principal 25-sep-2026; alta por curación,True
ADM-623d2ac1-92d6-518a-b020-3042a0c48a4c,19,Cordillera del Cóndor - Lomas Mesa,,,cordillera del condor lomas mesa,Excel Colección Principal 25-sep-2026; alta por curación,True
ADM-dcf57bee-1418-5a32-ac5b-aea863792ed8,19,"Cordillera del Cóndor, Concesión Colibrí",,,cordillera del condor concesion colibri,Excel Colección Principal 25-sep-2026; alta por curación,True
ADM-6ced606e-2804-5c9a-bf2c-6a7905bfbc08,14,Sardinayacu,,,sardinayacu,Excel Colección Principal 25-sep-2026; alta por curación,True
ADM-d70f5a4f-0a12-5158-b5b3-668b27f8d163,15,Tena Parque Amazonico,,,tena parque amazonico,Excel Colección Principal 25-sep-2026; alta por curación,True
ADM-1e118937-2d74-5dc4-be4a-fc7dba407502,17,Sta Lucia,,,sta lucia,Excel Colección Principal 25-sep-2026; alta por curación,True
ADM-8c4606d8-caea-5f51-afe5-21397e9e7e8d,16,BamenoComunidad Waorani de Bameno,,,bamenocomunidad waorani de bameno,Excel Colección Principal 25-sep-2026; alta por curación,True
ADM-791b1b6b-1613-5429-9999-c13ea753993d,15,Sta. Rosa 27 km al NE del puente sobre elrio Ahuano,,,sta rosa 27 km al ne del puente sobre elrio ahuano,Excel Colección Principal 25-sep-2026; alta por curación,True
ADM-38cbdba8-ae44-5d8e-b7cb-2c2316d4d5fd,22,TBS Sendero Lago,,,tbs sendero lago,Excel Colección Principal 25-sep-2026; alta por curación,True
ADM-1270d5a6-5ba4-5863-a02f-da691d121900,22,TBS Sendero Harpia,,,tbs sendero harpia,Excel Colección Principal 25-sep-2026; alta por curación,True
ADM-08df4128-3f85-56a1-ac3d-cb62f6d25a56,22,"Parque Nacional Yasuni, Bloque 31 Apaica 1",,,parque nacional yasuni bloque 31 apaica 1,Excel Colección Principal 25-sep-2026; alta por curación,True
ADM-bfb76c36-2d9e-56d6-982b-5d32d3593bc6,15,Yasuni Bloque 15,,,yasuni bloque 15,Excel Colección Principal 25-sep-2026; alta por curación,True
ADM-fd7946c4-0b6d-5146-90da-d219b8837fe1,16,Centro Fatima km9 via Puyo Tena,,,centro fatima km9 via puyo tena,Excel Colección Principal 25-sep-2026; alta por curación,True
ADM-935e7194-3e5c-571f-b3ed-d70c74d82d7d,19,Cordillera del CóndorSECtor Fruta del NorteLos Encuentros,YANTZAZA,LOS ENCUENTROS,cordillera del condorsector fruta del nortelos encuentros los encuentros,Excel Colección Principal 25-sep-2026; alta por curación,True
ADM-ef12a9df-f022-5828-892e-7b0fb40fbe58,22,Km 117 via a Pompeya,,,km 117 via a pompeya,Excel Colección Principal 25-sep-2026; alta por curación,True
ADM-1a17b1bc-f8d9-5fae-bc03-d406f8a9379a,15,Yasuni MEChero NPF,,,yasuni mechero npf,Excel Colección Principal 25-sep-2026; alta por curación,True
ADM-c349e126-b0b0-5ba6-a651-018a2118b92b,21,Rio Aguarico,,,rio aguarico,Excel Colección Principal 25-sep-2026; alta por curación,True
ADM-f8c1ff3a-3e82-562d-8695-22d7c5ef96a1,22,"Parque Nacional Yasuni, Apaika Sur Bloque 31",,,parque nacional yasuni apaika sur bloque 31,Excel Colección Principal 25-sep-2026; alta por curación,True
ADM-598364e3-704c-5646-9fa3-a1c0a8c49951,17,Quito Quebrada Cóndor Huachana,,,quito quebrada condor huachana,Excel Colección Principal 25-sep-2026; alta por curación,True
ADM-b40127a4-373d-57c9-9269-51b7f6acf5cd,22,Parroquia Orellana,,,parroquia orellana,Excel Colección Principal 25-sep-2026; alta por curación,True
ADM-3dbf79cc-bf3f-5aa2-be9c-0f98c6a313fc,17,Los Bancos,,,los bancos,Excel Colección Principal 25-sep-2026; alta por curación,True
ADM-b9ec3572-fe3c-59ff-bbe2-793624f1b359,01,Ponce Enriquez Santa Marta,,,ponce enriquez santa marta,Excel Colección Principal 25-sep-2026; alta por curación,True
ADM-07870c75-c14c-55c5-bcd3-99479d4a27e5,08,Guelpi,,,guelpi,Excel Colección Principal 25-sep-2026; alta por curación,True
ADM-680ae09a-2ad5-5eca-a4b6-8502205e829e,23,Sto Domingo,,,sto domingo,Excel Colección Principal 25-sep-2026; alta por curación,True
ADM-ef6fcf81-cbd2-5cb2-9e81-89b17d927eb4,21,Pto San Francisco Rio Conejo,,,pto san francisco rio conejo,Excel Colección Principal 25-sep-2026; alta por curación,True
ADM-b7e72199-8be5-54ef-9f90-97db7533873a,15,Sta Rosa,,,sta rosa,Excel Colección Principal 25-sep-2026; alta por curación,True
ADM-5ae1aa2d-5cc8-593b-bc73-8d7d85c6e7f2,19,Cordillera del Cóndor Concesión Sachavaca,,,cordillera del condor concesion sachavaca,Excel Colección Principal 25-sep-2026; alta por curación,True
ADM-99463e57-5adf-568b-b307-49217da88a9d,19,El Pangui - P.M. Mirador,,,el pangui p m mirador,Excel Colección Principal 25-sep-2026; alta por curación,True
ADM-cae4607f-2135-57c5-a10f-b7dd0d18a7fe,22,T.B.S,,,t b s,Excel Colección Principal 25-sep-2026; alta por curación,True
ADM-1a0b32a1-423d-575b-b23b-94dd349d4b49,15,Yasuni NPF MEChero,,,yasuni npf mechero,Excel Colección Principal 25-sep-2026; alta por curación,True
ADM-7bee228d-aa18-5336-b998-4e49a7a67d54,01,"Cuenca, Santa Isabel",SANTA ISABEL,SANTA ISABEL,cuenca santa isabel santa isabel,Excel Colección Principal 25-sep-2026; alta por curación,True
ADM-0aed2cc1-9eb3-503d-a85c-8050464b35c6,16,Chuyayacu km25,,,chuyayacu km25,Excel Colección Principal 25-sep-2026; alta por curación,True
ADM-7e2e3aa1-f6e3-590b-a614-8cecbccfc6e5,17,B.P.P,,,b p p,Excel Colección Principal 25-sep-2026; alta por curación,True
ADM-c68b9c33-c350-58bd-bfae-2c2751c36649,01,Ponce Enriquez Sta. Martha,,,ponce enriquez sta martha,Excel Colección Principal 25-sep-2026; alta por curación,True
ADM-13fd3b71-2c19-5f8a-850c-fb9e3a97375b,17,San Miguel de los Bancos Reserva Rio Bravo,,,san miguel de los bancos reserva rio bravo,Excel Colección Principal 25-sep-2026; alta por curación,True
ADM-0f49fe31-4550-5f05-8c46-14cacacc6881,21,Reserva de Producción Faunística Cuyabeno,,,reserva de produccion faunistica cuyabeno,Excel Colección Principal 25-sep-2026; alta por curación,True
ADM-01cc7dcd-980d-5546-86fc-35205387779a,21,10km E Lumbaqui Rio Aguarico,,,10km e lumbaqui rio aguarico,Excel Colección Principal 25-sep-2026; alta por curación,True
ADM-103fdc67-45ae-58d0-8cb8-86175759bc8a,17,San Miguel de los Bancos,SAN MIGUEL DE LOS BANCOS,SAN MIGUEL DE LOS BANCOS,san miguel de los bancos san miguel de los bancos,Excel Colección Principal 25-sep-2026; alta por curación,True
ADM-067089b3-61dc-5001-a34c-103d4c7b54b4,22,8km E de Lumbaqui,,,8km e de lumbaqui,Excel Colección Principal 25-sep-2026; alta por curación,True
ADM-fac256a5-2165-5f44-ad13-8e6162823e12,15,Via Sta. Rosa 27 km al NE del puente sobre el rio Ahuano,,,via sta rosa 27 km al ne del puente sobre el rio ahuano,Excel Colección Principal 25-sep-2026; alta por curación,True
ADM-6231bc41-7c4a-55df-bfc7-d255b5986d18,19,Cordillera del Cóndor ConsECión Sachavaca 1,,,cordillera del condor consecion sachavaca 1,Excel Colección Principal 25-sep-2026; alta por curación,True
ADM-45c7f184-83d3-54a7-970f-d3b3d71f6855,16,Rio Oglan CEPLOA - ECUCE,,,rio oglan ceploa ecuce,Excel Colección Principal 25-sep-2026; alta por curación,True
ADM-e2968c82-fc9f-579b-bb1d-f2f127d711d4,16,"Parque Nacional Yasuni, Sendero Curaray",,,parque nacional yasuni sendero curaray,Excel Colección Principal 25-sep-2026; alta por curación,True
ADM-9e7b43a7-473f-5065-9b7b-0416d91d343c,21,Lumbaqui Quebrada Puchochoa,,,lumbaqui quebrada puchochoa,Excel Colección Principal 25-sep-2026; alta por curación,True
ADM-b66e40f2-e6f6-5bd9-bb42-09e8362f978d,17,Valle Hermoso,,,valle hermoso,Excel Colección Principal 25-sep-2026; alta por curación,True
ADM-065c504d-0fc9-5ec7-b6b7-e3e230d3941b,14,Palora compañía de Té CEICA,,,palora compania de te ceica,Excel Colección Principal 25-sep-2026; alta por curación,True
ADM-7c86d638-01d6-5bfb-8ee6-bfb46c54f09f,22,E. Catolica,,,e catolica,Excel Colección Principal 25-sep-2026; alta por curación,True
ADM-44cc4416-f92e-57c9-96f0-39c62c335a9a,14,Morona PRR. San Isidro,,,morona prr san isidro,Excel Colección Principal 25-sep-2026; alta por curación,True
ADM-b0c73ed3-bcc6-5b0c-a18b-94a4c940ed9a,13,Pedernales Playa Coaque,,,pedernales playa coaque,Excel Colección Principal 25-sep-2026; alta por curación,True
ADM-ed77d772-b84c-592f-9cca-e65a9a462cf8,22,"Parque Nacional Yasuní, Guiyero comunidad, entrada",FRANCISCO DE ORELLANA,ALEJANDRO LABAKA,parque nacional yasuni guiyero comunidad entrada alejaro labaka alejandro labaka,Excel Colección Principal 25-sep-2026; alta por curación,True
ADM-b84c6b56-b90a-555f-8915-ad95feba85a1,22,"Parque Nacional Yasuní, Estación de Biodiversidad Tiputini",El Eden,,parque nacional yasuni estacion de biodiversidad tiputini el eden,Excel Colección Principal 25-sep-2026; alta por curación,True
ADM-71a034e7-3403-56ae-9211-5591a1d55d5f,15,Wild Sumaco Biological Station,ARCHIDONA,HATUN SUMAKU (CAB. EN DIEZ DE AGOSTO),wild sumaco biological station pacto sumaco hatun sumaku cab en diez de agosto,Excel Colección Principal 25-sep-2026; alta por curación,True
ADM-ece4efdc-5f95-5af1-b823-8ee7f2bb6e25,15,Cabanas San Isidro Lodge,QUIJOS,COSANGA,cabanas san isidro lodge cosanga,Excel Colección Principal 25-sep-2026; alta por curación,True
ADM-4ccdf432-9801-5e1c-b96f-52c1bfe9fa0b,15,Rio Quijos ECo Lodge,EL CHACO,SARDINAS,rio quijos eco lodge sardinas,Excel Colección Principal 25-sep-2026; alta por curación,True
ADM-98b59493-92c7-545c-a72a-0a9c53486617,22,"Parque Nacional Yasuní, Bosque de Nambay",FRANCISCO DE ORELLANA,ALEJANDRO LABAKA,parque nacional yasuni bosque de nambay alejandro labaka,Excel Colección Principal 25-sep-2026; alta por curación,True
ADM-b8cb83ea-ef54-5c9b-88b6-d3f289125a1e,21,"Reserva de Producción Faunística Cuyabeno, Trocha Zábalo-Güepi (Km 10)",,,reserva de produccion faunistica cuyabeno trocha zabalo guepi km 10,Excel Colección Principal 25-sep-2026; alta por curación,True
ADM-7a667ecf-e4b9-510b-9f06-00179c899691,10,"Río Mira, BN Urbina, km 48",,,rio mira bn urbina km 48,Excel Colección Principal 25-sep-2026; alta por curación,True
ADM-3f589325-76b1-5319-a2e3-d54cc25dfe33,22,"Parque Nacional Yasuní, Parque Nacional Yasuní, Estación Científica Yasuní",FRANCISCO DE ORELLANA,ALEJANDRO LABAKA,parque nacional yasuni parque nacional yasuni estacion cientifica yasuni alejaro labaka alejandro labaka,Excel Colección Principal 25-sep-2026; alta por curación,True
ADM-f002b221-90b0-52a6-a46c-25edf58148de,21,Río Reventados,Gonzalo Pizarro,,rio reventados gonzalo pizarro,Excel Colección Principal 25-sep-2026; alta por curación,True
ADM-8363fd26-7e54-5ca8-9f5e-bea45713511a,01,Hidroelectrica Sopladora,,,hidroelectrica sopladora,Excel Colección Principal 25-sep-2026; alta por curación,True
ADM-2eb1920c-de56-5cbe-84c9-4aba4d918433,19,El Zurmi,NANGARITZA,ZURMI,el zurmi nangaritza zurmi,Excel Colección Principal 25-sep-2026; alta por curación,True
ADM-a3c84c67-b1af-5293-97be-08afd53f8c15,17,San Juan,DISTRITO METROPOLITANO DE QUITO,QUITO,san juan quito quito,Excel Colección Principal 25-sep-2026; alta por curación,True
ADM-95ae91cd-9acd-532e-9e26-2e2430a6abe3,04,"San Gabriel, Bosque de los Arrayanes",MONTÚFAR,SAN GABRIEL,san gabriel bosque de los arrayanes san gabriel,Excel Colección Principal 25-sep-2026; alta por curación,True
ADM-27597e30-25d9-5620-ab13-bae98e66740d,13,Reserva Cantagallo,JIPIJAPA,PUERTO DE CAYO,reserva cantagallo puerto de cayo,Excel Colección Principal 25-sep-2026; alta por curación,True
ADM-aa65236d-7e80-59eb-9e8c-7c847b16a0d7,22,"Dayuma, Plataforma Pindo 14",FRANCISCO DE ORELLANA,DAYUMA,dayuma plataforma pindo 14 dayuma,Excel Colección Principal 25-sep-2026; alta por curación,True
ADM-feadbadd-5a83-59c7-acb2-377747f50dba,21,Sushufindi,,,sushufindi,Excel Colección Principal 25-sep-2026; alta por curación,True
ADM-ebafd8d7-2cd5-5d6e-bcb0-d895823d17fd,22,Aguarico,AGUARICO,NUEVO ROCAFUERTE,aguarico nuevo rocafuerte,Excel Colección Principal 25-sep-2026; alta por curación,True
ADM-c224bae2-80db-5f50-8bf7-a495bf2b0205,11,"Catacocha, Paltas",PALTAS,CASANGA,catacocha paltas casanga,Excel Colección Principal 25-sep-2026; alta por curación,True
ADM-2ddfb06d-3410-529a-a18d-e765fb34aac1,11,"Catacocha, Lucarqui",PALTAS,GUACHANAMÁ,catacocha lucarqui guachanama,Excel Colección Principal 25-sep-2026; alta por curación,True
ADM-bf313890-3b67-5bd1-b9f6-3cf8c356ce7f,10,"Selva Alegre, Quinde-Talacos",OTAVALO,SELVA ALEGRE,selva alegre quinde talacos selva alegre,Excel Colección Principal 25-sep-2026; alta por curación,True
ADM-0d9c04c3-bdd3-5f70-a3ac-73d1388300bf,22,"Parque Nacional Yasuní, 21 km NEE Nuevo Rocafuerte",AGUARICO,NUEVO ROCAFUERTE,parque nacional yasuni 21 km nee nuevo rocafuerte nuevo rocafuerte,Excel Colección Principal 25-sep-2026; alta por curación,True
ADM-9784d339-8e43-525d-85a4-a316c14c1779,21,Shushufindi,CUYABENO,TARAPOA,shushufindi tarapoa,Excel Colección Principal 25-sep-2026; alta por curación,True
ADM-76594281-b022-502d-9f42-9743b7d0f38a,15,Chontapunta. Campo Oso,,,chontapunta campo oso,Excel Colección Principal 25-sep-2026; alta por curación,True
ADM-729a0f12-7e4a-57a6-817c-a410acf0544f,15,"Cosanga, Estación Yanayacu",QUIJOS,COSANGA,cosanga estacion yanayacu cosanga,Excel Colección Principal 25-sep-2026; alta por curación,True
ADM-2e6bc645-22e8-5d53-b0f6-a4d73b896052,12,"Buena Fé, R.-R. Baba",BUENA FÉ,SAN JACINTO DE BUENA FÉ,buena fe r r baba san jacinto de buena fe,Excel Colección Principal 25-sep-2026; alta por curación,True
ADM-ba1a08d9-f522-5812-a80a-bf19681512f0,17,"Quito, Alangasí",DISTRITO METROPOLITANO DE QUITO,CHECA,quito alangasi checa,Excel Colección Principal 25-sep-2026; alta por curación,True
ADM-c1167ce0-16dc-5a3a-b577-29362b7ba131,17,Quito-San Carlos,DISTRITO METROPOLITANO DE QUITO,QUITO,quito san carlos quito,Excel Colección Principal 25-sep-2026; alta por curación,True
ADM-ade0119a-aabb-543f-9457-f1907bac126c,01,Recinto El Retorno y Monoloma,CAMILO PONCE ENRÍQUEZ,CAMILO PONCE ENRÍQUEZ,recinto el retorno y monoloma camilo ponce enriquez,Excel Colección Principal 25-sep-2026; alta por curación,True
ADM-4a894a37-6cba-5e94-8f7e-5ceddc0f5a34,10,"Bosque Protector Los Cedros, 56 Km W Otavalo, Sendero Brasilargo",COTACACHI,GARCÍA MORENO,bosque protector los cedros 56 km w otavalo sendero brasilargo garcia moreno,Excel Colección Principal 25-sep-2026; alta por curación,True
ADM-a55c98c3-0c03-5d05-b2df-697caf4ea219,23,19 Km SSE Alluriquin,SANTO DOMINGO,ALLURIQUÍN,19 km sse alluriquin alluriquin,Excel Colección Principal 25-sep-2026; alta por curación,True
ADM-9d204e02-cb42-5bc2-9a79-bb6061b0da7c,05,"18 Km SW Sigchos, Reserva Los Illinizas",SIGCHOS,CHUGCHILLÁN,18 km sw sigchos reserva los illinizas chugchillan,Excel Colección Principal 25-sep-2026; alta por curación,True
ADM-7cf64378-e8df-5b19-a858-77faefb85eea,17,18 Km W Calacali,DISTRITO METROPOLITANO DE QUITO,NANEGALITO,18 km w calacali nanegalito,Excel Colección Principal 25-sep-2026; alta por curación,True
ADM-e0222e11-9f58-5701-9e2b-582d4043f4aa,05,La Maná,LA MANÁ,LA MANÁ,la mana la mana,Excel Colección Principal 25-sep-2026; alta por curación,True
ADM-f730ccfb-3b50-5af9-8f9d-d4b0198367b7,21,Lumbaqui,GONZALO PIZARRO,LUMBAQUÍ,lumbaqui lumbaqui,Excel Colección Principal 25-sep-2026; alta por curación,True
ADM-17939903-100a-5856-8e5b-c1d7550c55dc,05,El Corazón,PANGUA,EL CORAZÓN,el corazon el corazon,Excel Colección Principal 25-sep-2026; alta por curación,True
ADM-dc9abf73-3d8f-5f2b-b75c-8349622afa5e,04,San Gabriel,MONTÚFAR,SAN GABRIEL,san gabriel montufar san gabriel,Excel Colección Principal 25-sep-2026; alta por curación,True
ADM-c5392309-ae52-5e1f-aaa0-6d6cac1599a0,19,"Cordillera del Cóndor, Paquisha",PAQUISHA,PAQUISHA,cordillera del condor paquisha paquisha,Excel Colección Principal 25-sep-2026; alta por curación,True
ADM-d967e1db-ed2d-552b-8c76-339d8fed327a,19,"Cordillera del Cóndor, Colibrí-Goldmarca",YANTZAZA,LOS ENCUENTROS,cordillera del condor colibri goldmarca los encuentros,Excel Colección Principal 25-sep-2026; alta por curación,True
ADM-ee5b65ea-c342-5a2d-97a1-c0bf96d3bf22,19,"Cordillera del Cóndor, Colibrí, Colibrí-Goldmarca",YANTZAZA,LOS ENCUENTROS,cordillera del condor colibri colibri goldmarca los encuentros,Excel Colección Principal 25-sep-2026; alta por curación,True
ADM-56af4b5f-1394-58ba-bb4c-0e84bde844f8,19,"Cordillera del Cóndor, Colibrí, sECtor Colibrí",YANTZAZA,LOS ENCUENTROS,cordillera del condor colibri sector colibri los encuentros,Excel Colección Principal 25-sep-2026; alta por curación,True
ADM-2fc57c7c-98bf-5785-b080-fa2cf5938f1a,14,"Cordillera del Cóndor, Colibrí, Colibrí-Goldmarca",,,cordillera del condor colibri colibri goldmarca,Excel Colección Principal 25-sep-2026; alta por curación,True
ADM-317cd594-f348-5008-81ac-8dcbcecdc233,19,"Cordillera del Cóndor, La Zarza, sECtor Zarza-Machinaza",YANTZAZA,LOS ENCUENTROS,cordillera del condor la zarza sector zarza machinaza los encuentros,Excel Colección Principal 25-sep-2026; alta por curación,True
ADM-a001961c-e405-5d9c-960a-da93376097ad,19,Cordillera del Condor - Colibrí,YANTZAZA,LOS ENCUENTROS,cordillera del condor colibri los encuentros,Excel Colección Principal 25-sep-2026; alta por curación,True
ADM-dbdf59b6-928e-56cb-aff5-e562688104d0,19,"Cordillera del Cóndor, Colibrí, sECtor Colibrí-Goldmarca",YANTZAZA,LOS ENCUENTROS,cordillera del condor colibri sector colibri goldmarca los encuentros,Excel Colección Principal 25-sep-2026; alta por curación,True
ADM-a4b8670a-5059-5136-9f55-6bca7e9c8ffe,19,"Cordillera del Cóndor, Reserva de Vida Silvestre El Zarza, sECtor San Antonio",YANTZAZA,LOS ENCUENTROS,cordillera del condor reserva de vida silvestre el zarza sector san antonio los encuentros,Excel Colección Principal 25-sep-2026; alta por curación,True
ADM-fab0d3f0-f3f5-5b34-a65b-66b9b896232a,19,"Cordillera del Cóndor, Refugio de Vida Silvestre El Zarza",YANTZAZA,LOS ENCUENTROS,cordillera del condor refugio de vida silvestre el zarza los encuentros,Excel Colección Principal 25-sep-2026; alta por curación,True
ADM-b7cc44f2-4e2c-5e26-a4c0-726e3849475e,19,"Cordillera del Cóndor, La Zarza, sECtor Fruta del Norte",YANTZAZA,LOS ENCUENTROS,cordillera del condor la zarza sector fruta del norte los encuentros,Excel Colección Principal 25-sep-2026; alta por curación,True
ADM-1bf52521-d209-5bbe-9e97-0d7c84859026,14,"Cordillera del Cóndor, La Zarza, sECtor Fruta del Norte",,,cordillera del condor la zarza sector fruta del norte,Excel Colección Principal 25-sep-2026; alta por curación,True
ADM-28ec6521-41e8-5d28-b1ba-9b1912ce88dc,14,"Cordillera del Cóndor, Colibrí, sECtor Colibrí-Goldmarca",,,cordillera del condor colibri sector colibri goldmarca,Excel Colección Principal 25-sep-2026; alta por curación,True
ADM-9fdf0a1f-f6b0-5adf-b562-3851880da8b1,19,"Cordillera del Cóndor, El Zarza, sECtor Fruta del Norte",YANTZAZA,LOS ENCUENTROS,cordillera del condor el zarza sector fruta del norte los encuentros,Excel Colección Principal 25-sep-2026; alta por curación,True
ADM-23cbe947-7d8f-5ff7-919c-1eb4cbbedb68,19,"Cordillera del Cóndor, Nangaritza E., Tepui plot",NANGARITZA,ZURMI,cordillera del condor nangaritza e tepui plot zurmi,Excel Colección Principal 25-sep-2026; alta por curación,True
ADM-d69b6697-ff24-5959-b89b-ca1d5723e539,19,"Cordillera del Cóndor, Nangaritza, Tepui plot",NANGARITZA,ZURMI,cordillera del condor nangaritza tepui plot zurmi,Excel Colección Principal 25-sep-2026; alta por curación,True
ADM-46b8b0f9-9bc7-5122-a43d-b2eca94ed55e,14,"Cordillera del Cutucú, Reserva Biológica El Quimi",GUALAQUIZA,BOMBOÍZA,cordillera del cutucu reserva biologica el quimi bomboiza,Excel Colección Principal 25-sep-2026; alta por curación,True
ADM-b30eb8c8-7400-5cf8-ace8-36471d305545,14,"Cordillera del Cóndor, Colibrí-Goldmarca",,,cordillera del condor colibri goldmarca,Excel Colección Principal 25-sep-2026; alta por curación,True
ADM-ebf36954-76b5-5994-a2dc-7bb11638b1af,17,Rio Toachi,MEJIA,MANUEL CORNEJO ASTORGA,rio toachi manuel cornejo astorga,Excel Colección Principal 25-sep-2026; alta por curación,True
ADM-2e461fdc-d872-5c20-bc1b-4bc880bc0d69,23,Otonga,SANTO DOMINGO,ALLURIQUÍN,otonga alluriquin,Excel Colección Principal 25-sep-2026; alta por curación,True
ADM-59a6fa9b-efd5-5f68-ac0a-c05fbe9f4707,05,1.5 Km SW Tandapi,SIGCHOS,SIGCHOS,1 5 km sw tandapi tandapi sigchos,Excel Colección Principal 25-sep-2026; alta por curación,True
ADM-8273a154-4ba5-574c-8282-518f22c58cff,22,"Parque Nacional Yasuní, Apaika",FRANCISCO DE ORELLANA,ALEJANDRO LABAKA,parque nacional yasuni apaika alejandro labaka,Excel Colección Principal 25-sep-2026; alta por curación,True
ADM-867c2a36-37f1-59b1-90e8-e1b19fe7f3d4,22,Wataraco,LA JOYA DE LOS SACHAS,SAN SEBASTIÁN DEL COCA,wataraco san sebastian del coca,Excel Colección Principal 25-sep-2026; alta por curación,True
ADM-2f3427cd-6464-5405-8bc1-2425540d3405,08,Estación Biológica Bilsa (Mache Chindul),QUININDÉ,CUBE,estacion biologica bilsa mache chindul cube,Excel Colección Principal 25-sep-2026; alta por curación,True
ADM-c709bef6-7c17-553e-8e75-fa2150b7982c,17,Reserva El Pahuma,DISTRITO METROPOLITANO DE QUITO,NONO,reserva el pahuma nono,Excel Colección Principal 25-sep-2026; alta por curación,True
ADM-8f8aabb2-43e3-5ea0-b51e-16e59e544d93,17,Bosque Protector Jerusalem,PEDRO MONCAYO,MALCHINGUÍ,bosque protector jerusalem malchingui,Excel Colección Principal 25-sep-2026; alta por curación,True
ADM-8e2590f2-6e75-56f5-8f84-a5e63f3925cf,19,"Cordillera del Cóndor, Tundayme, Colibrí-Goldmarca, Machinaza river",EL PANGUI,TUNDAYME,cordillera del condor tundayme colibri goldmarca machinaza river tundayme,Excel Colección Principal 25-sep-2026; alta por curación,True
ADM-28f4efc8-c624-5dee-b19f-5e49ebd4acfa,10,"Bosque Protector Los Cedros, Sendero del Río",COTACACHI,GARCÍA MORENO,bosque protector los cedros sendero del rio chontal garcia moreno,Excel Colección Principal 25-sep-2026; alta por curación,True
ADM-852edafd-20bc-533c-9412-f54d5a3b6831,19,"Parque Nacional Yasuní, Bameno",,,parque nacional yasuni bameno,Excel Colección Principal 25-sep-2026; alta por curación,True
ADM-0faed1b1-de6c-533d-b505-b3f7c96140e8,11,"Reserva Las Palmas, 5 km E Vilcabamba",LOJA,VILCABAMBA,reserva las palmas 5 km e vilcabamba vilcabamba,Excel Colección Principal 25-sep-2026; alta por curación,True
ADM-52ddf65c-82cd-50f6-bc16-a74ee72f039a,16,"Lorocachi, Río Curaray",PASTAZA,RÍO TIGRE,lorocachi rio curaray rio tigre,Excel Colección Principal 25-sep-2026; alta por curación,True
ADM-731d9492-a3c1-541e-8c33-b1dfe51a52b8,16,"Yanayacu, Río Pindoyacu",PASTAZA,RÍO TIGRE,yanayacu rio pindoyacu rio tigre,Excel Colección Principal 25-sep-2026; alta por curación,True
ADM-6aaf4eed-8fcf-588a-9811-35379970a405,16,"Parque Nacional Yasuní, Victoria, Río Curaray",PASTAZA,RÍO TIGRE,parque nacional yasuni victoria rio curaray rio tigre,Excel Colección Principal 25-sep-2026; alta por curación,True
ADM-3cbee7ff-bcf5-5a74-b0d0-64259b4747d8,22,"Parque Nacional Yasuní, 4km W de Guiyero (Laguna azul)",FRANCISCO DE ORELLANA,ALEJANDRO LABAKA,parque nacional yasuni 4km w de guiyero laguna azul alejandro labaka,Excel Colección Principal 25-sep-2026; alta por curación,True
ADM-d946c1c4-3b64-52a2-b9d2-ec64f2581e8e,08,"Reserva Biológica Bilsa, El Cube",QUININDÉ,CUBE,reserva biologica bilsa el cube cube,Excel Colección Principal 25-sep-2026; alta por curación,True
ADM-a40b4ad7-b69d-5636-b5c4-9e2b5218fe4f,16,Plataforma Villano A,,,plataforma villano a,Excel Colección Principal 25-sep-2026; alta por curación,True
ADM-0bbec34e-0a8b-5403-a5ac-9667883b083b,16,"Parque Nacional Yasuní, Bameno",,,parque nacional yasuni bameno,Excel Colección Principal 25-sep-2026; alta por curación,True
ADM-0e27bc60-8507-52eb-b272-f1fbb9bfa652,16,Parque Nacional Yasuní Lorocachi Batallón de selva 48 Sangay,,,parque nacional yasuni lorocachi batallon de selva 48 sangay,Excel Colección Principal 25-sep-2026; alta por curación,True
ADM-0218aa9b-8fe6-59ee-839c-c38f683dc0ea,01,Ponce Enriquez Papa Grande,,,ponce enriquez papa grande,Excel Colección Principal 25-sep-2026; alta por curación,True
ADM-62f77bdd-d2eb-5443-8c27-8420a2b883ed,15,"Cordillera de los Guacamayos, río Urcusique",ARCHIDONA,COTUNDO,cordillera de los guacamayos rio urcusique cotundo,Excel Colección Principal 25-sep-2026; alta por curación,True
ADM-de128ad8-3132-5acf-af20-6700f6b19cdb,08,"Playa de Oro, La Tabla",ELOY ALFARO,LUIS VARGAS TORRES (CAB. EN PLAYA DE ORO),playa de oro la tabla eloy alfaro luis vargas torres cab en playa de oro,Excel Colección Principal 25-sep-2026; alta por curación,True
ADM-d8df6de9-8f14-5cf0-a616-5ba8f7e3e0ab,13,"Río Plátano, Hacienda El Aguacate",,,rio platano hacienda el aguacate,Excel Colección Principal 25-sep-2026; alta por curación,True
ADM-f8bf0977-b05a-5870-b08d-57aec03520af,19,"Río Blanco, Orincesa",,,rio blanco orincesa,Excel Colección Principal 25-sep-2026; alta por curación,True
ADM-cc7465d9-80a1-56a9-8b95-8a9412963032,17,"Los Bancos, Hacienda Camila",,,los bancos hacienda camila,Excel Colección Principal 25-sep-2026; alta por curación,True
ADM-a05fc6fd-0ede-5395-a01b-3f7ccca670dc,17,"Quito, EPN",DISTRITO METROPOLITANO DE QUITO,QUITO,quito epn quito,Excel Colección Principal 25-sep-2026; alta por curación,True
ADM-b1273926-22f3-52b5-bbc1-84329ab441fe,19,"Cordillera del Cóndor, Concesión Sacha Vaca",,,cordillera del condor concesion sacha vaca,Excel Colección Principal 25-sep-2026; alta por curación,True
ADM-f86a18a2-5a25-5ab6-9f52-81563197b2eb,22,"Río Aguarico, 5 km E  Lumbaqui",,,rio aguarico 5 km e lumbaqui,Excel Colección Principal 25-sep-2026; alta por curación,True
ADM-1951f6cc-5369-585a-acd5-cedfd45f0ed7,17,"Quito, Chimbacalle",DISTRITO METROPOLITANO DE QUITO,QUITO,quito chimbacalle quito,Excel Colección Principal 25-sep-2026; alta por curación,True
ADM-aa7b732e-660f-5ea8-b1b0-957eeb521fe1,17,"Quito, Urb. Mastodontes",DISTRITO METROPOLITANO DE QUITO,QUITO,quito urb mastodontes quito,Excel Colección Principal 25-sep-2026; alta por curación,True
ADM-b7beba87-1433-54d9-b5eb-caaeb7cc45c6,17,"Quito, San Juan",DISTRITO METROPOLITANO DE QUITO,QUITO,quito san juan quito,Excel Colección Principal 25-sep-2026; alta por curación,True
ADM-d9f3a79f-4725-58cd-bcf4-ff2c16e35e89,17,"Quito, Cruz Loma",DISTRITO METROPOLITANO DE QUITO,QUITO,quito cruz loma quito,Excel Colección Principal 25-sep-2026; alta por curación,True
ADM-4a237782-2efe-5f57-bb6b-3538f34d7774,04,Río Apaqui,Bolivar,,rio apaqui bolivar,Excel Colección Principal 25-sep-2026; alta por curación,True
ADM-6c92bf86-7640-5182-baa6-536f0a3ddf4f,17,"Quito, Alianza 322",DISTRITO METROPOLITANO DE QUITO,QUITO,quito alianza 322 quito,Excel Colección Principal 25-sep-2026; alta por curación,True
ADM-3109b027-c244-5a3a-b5df-06f7fb8f20c4,17,"Río Cambugan, a 15 Km de la Mitad del Mundo",PEDRO MONCAYO,MALCHINGUÍ,rio cambugan a 15 km de la mitad del mundo malchingui,Excel Colección Principal 25-sep-2026; alta por curación,True
ADM-9de335ca-6cba-51ea-9511-69ae9e6f5137,15,27km al NE del rio Ahuano,Santa Rosa,,27km al ne del rio ahuano santa rosa,Excel Colección Principal 25-sep-2026; alta por curación,True
ADM-a7ebe456-7c6f-5996-8969-ba77c6752528,15,Cosanga Via a Tena,,,cosanga via a tena,Excel Colección Principal 25-sep-2026; alta por curación,True
ADM-b6c2f42e-4110-59fc-b7d3-06e0975e7aa4,22,"P.N.y , Bloque31, Apaika 2",,,p n y bloque31 apaika 2,Excel Colección Principal 25-sep-2026; alta por curación,True
ADM-80e1f5f9-c266-517c-a43c-1c03a277bc50,22,TBS (Bosque Tierra Firme),,,tbs bosque tierra firme,Excel Colección Principal 25-sep-2026; alta por curación,True
ADM-2e22a6fd-7d54-58d3-9eb6-a43157e71577,22,TBS Interseccion Sendero Guacamayo Lago,,,tbs interseccion sendero guacamayo lago,Excel Colección Principal 25-sep-2026; alta por curación,True
ADM-22770017-a39f-5f9e-8651-5f9c673ab730,15,27km al NE del puente sobre el  rio Ahuano,Santa Rosa,,27km al ne del puente sobre el rio ahuano santa rosa,Excel Colección Principal 25-sep-2026; alta por curación,True
ADM-7ea97007-ae52-595b-b644-b8cace010bd9,22,TBS Torre en el sendero Guacamayo,,,tbs torre en el sendero guacamayo,Excel Colección Principal 25-sep-2026; alta por curación,True
ADM-eca0fb8d-ec96-5a58-8dba-82c4b7d6f7dd,22,TBS Bosque de Tierra Firme,,,tbs bosque de tierra firme,Excel Colección Principal 25-sep-2026; alta por curación,True
ADM-9a087e09-8f5e-5b54-b480-6664b1fe782e,21,Vía San Pedro,,,via san pedro,Excel Colección Principal 25-sep-2026; alta por curación,True
ADM-29ffb148-317f-5efc-a565-aab57d3f4b23,22,TBS Sendero Chichico,,,tbs sendero chichico,Excel Colección Principal 25-sep-2026; alta por curación,True
ADM-be583027-ffe6-5069-90b5-a29a5333a6ff,22,TBS Sendero Matapalo,,,tbs sendero matapalo,Excel Colección Principal 25-sep-2026; alta por curación,True
ADM-abd5a8e8-9bc6-5b1c-8168-d2a4581c450e,22,TBS Sendero Guacamayo,,,tbs sendero guacamayo,Excel Colección Principal 25-sep-2026; alta por curación,True
ADM-bc4749d4-2967-59c8-b42b-7400b7feb17e,22,Senderos Chichico,,,senderos chichico,Excel Colección Principal 25-sep-2026; alta por curación,True
ADM-f83b786b-3779-5a2d-9594-8889b4c21daa,21,Sendero al volcán,El Reventador,,sendero al volcan el reventador,Excel Colección Principal 25-sep-2026; alta por curación,True
ADM-8ed2ff84-dd7b-55dc-ac6b-f57c3f8e7e4b,22,TBS aguas abajo (Helipuerto),,,tbs aguas abajo helipuerto,Excel Colección Principal 25-sep-2026; alta por curación,True
ADM-a2f336c9-1b20-52e4-8d20-32ac6b200e83,15,"Vía Baeza, cerca al río Chaipichico",,,via baeza cerca al rio chaipichico,Excel Colección Principal 25-sep-2026; alta por curación,True
ADM-4520b302-9a3f-5c1b-8321-d216836b2bb0,21,"bloque 11, Vía al pozo Diamante",,,bloque 11 via al pozo diamante,Excel Colección Principal 25-sep-2026; alta por curación,True
ADM-7a1dc2aa-3218-5389-ae04-d345e357514e,22,TBS  Sendero Chorongo,,,tbs sendero chorongo,Excel Colección Principal 25-sep-2026; alta por curación,True
ADM-b84b4498-5362-5067-9959-7c9563c7c1b9,15,27 km al NE del puente sobrre el río Ahuano,Santa Rosa,,27 km al ne del puente sobrre el rio ahuano santa rosa,Excel Colección Principal 25-sep-2026; alta por curación,True
ADM-81cc0716-7cc2-5c93-97f2-d81aa0b93e9d,22,TBS Río Tiputini,,,tbs rio tiputini,Excel Colección Principal 25-sep-2026; alta por curación,True
ADM-a3d54dfb-38e9-5de3-a07e-fdfdd8ced5bb,22,P.1 Pantano de Morete,,,p 1 pantano de morete,Excel Colección Principal 25-sep-2026; alta por curación,True
ADM-dcdc7cb9-0fec-5b43-850c-ac1d6646e0c8,15,27 km al NE del puente sobre el río Ahuano,Santa Rosa,,27 km al ne del puente sobre el rio ahuano santa rosa,Excel Colección Principal 25-sep-2026; alta por curación,True
ADM-bbf191fa-049b-5722-95c7-4065dc536df6,15,1km al Este de Campococha,,,1km al este de campococha,Excel Colección Principal 25-sep-2026; alta por curación,True
ADM-c9e6c02b-4226-5728-9e5e-78801c3d5166,17,Otongachi,MEJIA,MANUEL CORNEJO ASTORGA,otongachi manuel cornejo astorga,Excel Colección Principal 25-sep-2026; alta por curación,True
ADM-597d1b30-2828-587b-b97d-9a1fe04d85a7,11,Reserva Jorupe,MACARÁ,MACARÁ,reserva jorupe macara,Excel Colección Principal 25-sep-2026; alta por curación,True
ADM-1b32f8a0-82ac-5c5d-a9b4-716240d8d613,09,Parque Samanes,DAULE,DAULE,parque samanes daule,Excel Colección Principal 25-sep-2026; alta por curación,True
ADM-88e3478b-ecb5-5b6f-822f-c5c77b3cbc2e,22,Chontayaku,Chontayaku,,chontayaku chontayaku,Excel Colección Principal 25-sep-2026; alta por curación,True
ADM-0fbc51c3-3cdb-55db-bd71-d72f5d11ae1e,21,Lago Agrio. Singue B v C,Putumayo,,lago agrio singue b v c putumayo,Excel Colección Principal 25-sep-2026; alta por curación,True
ADM-4faa8b6d-1ec7-5cf1-9808-33e5e3e61402,22,Parque Nacional Yasuní TBS,,,parque nacional yasuni tbs,Excel Colección Principal 25-sep-2026; alta por curación,True
ADM-258dd110-2e66-5c5d-b6de-9cf4b08f2c9e,21,"Limoncocha, Sendero del Caimán",SHUSHUFINDI,LIMONCOCHA,limoncocha sendero del caiman limoncocha limoncocha,Excel Colección Principal 25-sep-2026; alta por curación,True
ADM-368f4d92-f016-5fd9-9222-010961a78dc3,17,"Tandayapa, Río Alambi (Guarumos)",Tandayapa,,tandayapa rio alambi guarumos tandayapa,Excel Colección Principal 25-sep-2026; alta por curación,True
ADM-90a1c74e-96e2-5f40-af76-578e6062e592,17,Milpe Río Tatala,Milpe Río Tatala,,milpe rio tatala milpe rio tatala,Excel Colección Principal 25-sep-2026; alta por curación,True
ADM-4dd20b2b-aefb-5a23-b428-500f8410e540,05,Otonga,Otonga,,otonga otonga,Excel Colección Principal 25-sep-2026; alta por curación,True
ADM-be546c01-4b84-5c91-8c45-d6764c55ba04,19,Cord Cóndor Concesión Sachavaca 1,,,cord condor concesion sachavaca 1,Excel Colección Principal 25-sep-2026; alta por curación,True
ADM-bfcc5ca0-a009-50e9-901c-6c3ea2e2fa25,19,Cord. Cóndor Concesión Sachavaca 2,,,cord condor concesion sachavaca 2,Excel Colección Principal 25-sep-2026; alta por curación,True
ADM-ef03c50a-b51a-555f-9b24-c91db2274fb1,17,Mindo,SAN MIGUEL DE LOS BANCOS,MINDO,mindo mindo mindo,Excel Colección Principal 25-sep-2026; alta por curación,True
ADM-6811bb15-0811-53af-97f5-e98dd4f6117d,22,Río Aguarico,,,rio aguarico,Excel Colección Principal 25-sep-2026; alta por curación,True
ADM-040a50e3-b273-5116-b6fb-47515051f1ae,08,"Reserva ecológica Cotacachi Cayapas,Bosque Protector Milpe,Río Pachijal",,,reserva ecologica cotacachi cayapas bosque protector milpe rio pachijal,Excel Colección Principal 25-sep-2026; alta por curación,True
ADM-bd90b3b7-7083-5c7a-a84f-2791939b7aff,08,"Bosque Protector Milpe, Río Pachijal",,,bosque protector milpe rio pachijal,Excel Colección Principal 25-sep-2026; alta por curación,True
ADM-ccff95e8-b130-593b-9db2-0a2e921e8bb3,08,"Reserva ecológica Cotacachi Cayapas, Charco Vicente, 5km S San Miguel",ELOY ALFARO,TELEMBÍ,reserva ecologica cotacachi cayapas charco vicente 5km s san miguel telembi,Excel Colección Principal 25-sep-2026; alta por curación,True
ADM-3bf831f2-a501-57b2-b42e-b5be263f10ad,08,"Reserva ecológica Cotacachi Cayapas, La Tabla, 7km EES Playa de Oro",ELOY ALFARO,LUIS VARGAS TORRES (CAB. EN PLAYA DE ORO),reserva ecologica cotacachi cayapas la tabla 7km ees playa de oro luis vargas torres cab en playa de oro,Excel Colección Principal 25-sep-2026; alta por curación,True
ADM-6bfcc104-80b4-599b-8262-9330b5917dae,08,"Reserva ecológica Cotacachi Cayapas, Pajonal, 4km S Gualpi",ELOY ALFARO,SANTO DOMINGO DE ONZOLE,reserva ecologica cotacachi cayapas pajonal 4km s gualpi santo domingo de onzole,Excel Colección Principal 25-sep-2026; alta por curación,True
ADM-cf5fba09-f572-5d09-aa90-7229a3109dab,08,"Reserva ecológica Cotacachi Cayapas, Salto Bravo, 12km S San Miguel",MUISNE,SAN FRANCISCO,reserva ecologica cotacachi cayapas salto bravo 12km s san miguel san francisco,Excel Colección Principal 25-sep-2026; alta por curación,True
ADM-a02fd825-786e-555d-9612-b22bce9dcbdd,22,"Parque Nacional Yasuní, río Tiputini, 4 km W Guiyero",FRANCISCO DE ORELLANA,DAYUMA,parque nacional yasuni rio tiputini 4 km w guiyero dayuma,Excel Colección Principal 25-sep-2026; alta por curación,True
ADM-c7d9e444-a180-5c37-b9c0-36c370e87cad,22,"Parque Nacional Yasuní, Estación Científica Yasuní",FRANCISCO DE ORELLANA,ALEJANDRO LABAKA,parque nacional yasuni estacion cientifica yasuni alejandro labaka,Excel Colección Principal 25-sep-2026; alta por curación,True
ADM-9b4a584b-dd77-501b-957f-d423b0cc3de5,08,Río Verde,RÍOVERDE,RÍOVERDE,rio verde rioverde,Excel Colección Principal 25-sep-2026; alta por curación,True
ADM-95e7fb96-97de-5c5a-9bc2-7ee661986940,11,Cordillera del Cóndor,,,cordillera del condor,Excel Colección Principal 25-sep-2026; alta por curación,True
ADM-bb13476d-2d9a-540f-90dc-1ab7608ea6e9,17,"Quito, Escuela Politécnica Nacional",DISTRITO METROPOLITANO DE QUITO,QUITO,quito escuela politecnica nacional quito quito,Excel Colección Principal 25-sep-2026; alta por curación,True
ADM-f308ee57-1225-5aa6-8906-12f76732e8d0,23,Río Palenque,SANTO DOMINGO,SANTA MARÍA DEL TOACHI,rio palenque santa maria del toachi,Excel Colección Principal 25-sep-2026; alta por curación,True
ADM-7488daac-3747-5a95-aba2-c631a7976ca1,19,"Cordillera del Cóndor, 18.7 km NNE Yantzaza, Estación El Padmi",YANTZAZA,LOS ENCUENTROS,cordillera del condor 18 7 km nne yantzaza estacion el padmi los encuentros,Excel Colección Principal 25-sep-2026; alta por curación,True
ADM-80d92f35-3cc0-507c-8bdd-a603dc70923d,19,"Cordillera del Cóndor, 2.7 km SSE Zamora, Posada Copalinga",ZAMORA,ZAMORA,cordillera del condor 2 7 km sse zamora posada copalinga zamora,Excel Colección Principal 25-sep-2026; alta por curación,True
ADM-3caf5798-79a9-5f72-aa22-4ef86bc9c952,11,"Cordillera del Cóndor, 6 km SSE Loja, Reserva Madrigal",,,cordillera del condor 6 km sse loja reserva madrigal,Excel Colección Principal 25-sep-2026; alta por curación,True
ADM-dcf4c894-9e4a-5651-be7b-f3d47d18e483,17,"Otongachi, Reserva Bosque Integral Otonga",MEJIA,MANUEL CORNEJO ASTORGA,otongachi reserva bosque integral otonga manuel cornejo astorga,Excel Colección Principal 25-sep-2026; alta por curación,True
ADM-4919e21a-1a58-5e99-85db-bdac442f110b,19,"Cordillera del Cóndor, 12.3 km E Loja, Albergue Fundación Arco Iris",ZAMORA,SABANILLA,cordillera del condor 12 3 km e loja albergue fundacion arco iris sabanilla,Excel Colección Principal 25-sep-2026; alta por curación,True
ADM-582d7974-2d33-5a2d-8f7c-5b14d668a4c8,19,"Cordillera del Cóndor, Copalinga",ZAMORA,ZAMORA,cordillera del condor copalinga zamora,Excel Colección Principal 25-sep-2026; alta por curación,True
ADM-9443c4c4-ebd8-5674-94d2-e6b8436b0f92,19,"Cordillera del Cóndor, Estación Científica San Francisco (ECSF)",ZAMORA,SABANILLA,cordillera del condor estacion cientifica san francisco ecsf sabanilla,Excel Colección Principal 25-sep-2026; alta por curación,True
ADM-0caefb7f-c457-5e72-9ac5-d56a03481a6e,19,"Cordillera del Cóndor, Bombuscaro",ZAMORA,TIMBARA,cordillera del condor bombuscaro timbara,Excel Colección Principal 25-sep-2026; alta por curación,True
ADM-3ab13561-e86a-510f-bc48-75cfcd6572a3,11,"Cordillera del Cóndor, Catamayo, Finca Alamala",LOJA,LOJA,cordillera del condor catamayo finca alamala loja,Excel Colección Principal 25-sep-2026; alta por curación,True
ADM-7848302a-792b-5468-844b-10a4fc699935,19,"Cordillera del Cóndor, 18.7 km NEE Yantzaza. Estacion el Padmi",YANTZAZA,LOS ENCUENTROS,cordillera del condor 18 7 km nee yantzaza estacion el padmi los encuentros,Excel Colección Principal 25-sep-2026; alta por curación,True
ADM-f5ead210-f911-5370-ab3b-a69938943b63,19,"Albergue Fundación Arcoiris, 12.3 km E Loja",ZAMORA,SABANILLA,albergue fundacion arcoiris 12 3 km e loja sabanilla,Excel Colección Principal 25-sep-2026; alta por curación,True
ADM-d93c0a0e-3ec4-5d62-9054-654d76d5c20e,03,"La Troncal, Pancho Negro Dragon Fruit Production",LA TRONCAL,PANCHO NEGRO,la troncal pancho negro dragon fruit production pancho negro,Excel Colección Principal 25-sep-2026; alta por curación,True
ADM-ec969ab1-3921-5e00-8899-fbbf614a764f,17,"Quito, Conocoto",DISTRITO METROPOLITANO DE QUITO,CONOCOTO,quito conocoto conocoto,Excel Colección Principal 25-sep-2026; alta por curación,True
ADM-23687de2-64e6-56a8-b8aa-0ca1b485cbdb,05,Jardín de los Sueños,LA MANÁ,LA MANÁ,jardin de los suenos la mana,Excel Colección Principal 25-sep-2026; alta por curación,True
ADM-b7c6a71d-1583-590c-a994-722fc05fd6d9,17,"Quito, Urba. Los Mastodontes",DISTRITO METROPOLITANO DE QUITO,QUITO,quito urba los mastodontes quito,Excel Colección Principal 25-sep-2026; alta por curación,True
ADM-64514a67-64ff-50af-85cc-2e438405ee19,17,"Quito, La Floresta, Escuela Politécnica Nacional",DISTRITO METROPOLITANO DE QUITO,QUITO,quito la floresta escuela politecnica nacional quito,Excel Colección Principal 25-sep-2026; alta por curación,True
ADM-b53750b3-1571-5159-80bc-1b2e0b764e4a,17,"Quito, La Floresta",DISTRITO METROPOLITANO DE QUITO,QUITO,quito la floresta quito,Excel Colección Principal 25-sep-2026; alta por curación,True
ADM-3c1ce6bf-6a83-5014-a60a-52e6ab984506,13,Estación Biológica Bilsa (Mache Chindul),,,estacion biologica bilsa mache chindul,Excel Colección Principal 25-sep-2026; alta por curación,True
ADM-c262e4a1-c442-560d-bce3-b722f5029ab6,13,Estación Biológica Bilsa (Mache Chindul),Pedernales,,estacion biologica bilsa mache chindul pedernales,Excel Colección Principal 25-sep-2026; alta por curación,True
ADM-9a76b835-f48a-5dc5-994a-47b0f69f57ad,22,PN Yasuni Bameno Comunidad Waorani de Bameno,,,pn yasuni bameno comunidad waorani de bameno,Excel Colección Principal 25-sep-2026; alta por curación,True
ADM-1fb62208-4b4c-5a5c-896e-b2d4e9426d6d,16,"Parque Nacional Yasuní, Lorocachi, Batallón de Selva 48, Sangay, Curaray",PASTAZA,RÍO TIGRE,parque nacional yasuni lorocachi batallon de selva 48 sangay curaray arajuno rio tigre,Excel Colección Principal 25-sep-2026; alta por curación,True
ADM-25184949-f639-59b4-8eca-a43dc62fb46a,22,"PN Yasuní, Comunidad Waorani de Bameno",,,pn yasuni comunidad waorani de bameno,Excel Colección Principal 25-sep-2026; alta por curación,True
ADM-41fa93bb-cc96-5265-99cc-f131b018356e,16,Parque Nacional Yasuní TBS,,,parque nacional yasuni tbs,Excel Colección Principal 25-sep-2026; alta por curación,True
ADM-a65a4878-3771-5ebd-bf24-37a04e17597f,10,Reserva los Cedros,,,reserva los cedros,Excel Colección Principal 25-sep-2026; alta por curación,True
ADM-20d393c6-1d65-545a-ab72-3455878dbace,16,Ara juno P.N. Yasuni Bameno Send Curaray,,,ara juno p n yasuni bameno send curaray,Excel Colección Principal 25-sep-2026; alta por curación,True
ADM-abb71220-12b3-581f-a731-1f6c630abafb,22,"Francisco de Orellana, Arango",FRANCISCO DE ORELLANA,INÉS ARANGO (CAB. EN WESTERN),francisco de orellana arango ines arango cab en western,Excel Colección Principal 25-sep-2026; alta por curación,True
ADM-6edfc5da-86d0-586d-9f1f-5b4fcff51ae1,01,Resintos el Retorno Morolorna,,,resintos el retorno morolorna,Excel Colección Principal 25-sep-2026; alta por curación,True
ADM-e075f76d-a2a0-5d12-8a3c-abd5f17e012d,22,P.N. Yasuní,,,p n yasuni,Excel Colección Principal 25-sep-2026; alta por curación,True
ADM-292c1c9e-7c1d-5428-8eea-d05ff1005e36,17,El Chontal,,,el chontal,Excel Colección Principal 25-sep-2026; alta por curación,True
ADM-4ff34dc9-b511-5b01-9b26-bf4ef891241c,21,Tarapoa- Campamento Kupi,,,tarapoa campamento kupi,Excel Colección Principal 25-sep-2026; alta por curación,True
ADM-33c7285c-9607-5562-89bf-ec431735edd2,17,Bosque Protector Mindo Nambillo,,,bosque protector mindo nambillo,Excel Colección Principal 25-sep-2026; alta por curación,True
ADM-add766f7-875a-5d71-925a-f7028325b7ee,22,Canton Orellana - Parroquia Orellana,,,canton orellana parroquia orellana,Excel Colección Principal 25-sep-2026; alta por curación,True
ADM-2154973f-9472-5850-b075-bbff8cf26611,18,Faldas del Tunguragua,,,faldas del tunguragua,Excel Colección Principal 25-sep-2026; alta por curación,True
ADM-aea174ab-b1f5-5c91-ad37-9bf9936bf818,08,"Canande, Reserva Privada Jocotoco",,,canande reserva privada jocotoco,Excel Colección Principal 25-sep-2026; alta por curación,True
ADM-63d0a41b-dac7-54c7-b3a8-54f19bccf423,01,Ponce Enriquez Santa Martha,,,ponce enriquez santa martha,Excel Colección Principal 25-sep-2026; alta por curación,True
ADM-9596c67f-34cd-5f12-a25d-a40ee153c687,08,"Canande, Reserva Privida Jocotoco",,,canande reserva privida jocotoco,Excel Colección Principal 25-sep-2026; alta por curación,True
ADM-32410157-93a3-59c4-bbb7-34e713c73596,22,"Parque Nacional Yasuní TBS, send Matapalo",,,parque nacional yasuni tbs send matapalo,Excel Colección Principal 25-sep-2026; alta por curación,True
ADM-cbed6a24-f8d6-5053-8e0a-ef93ec8f74af,14,San Isidro Cordillera Domono Alto,,,san isidro cordillera domono alto,Excel Colección Principal 25-sep-2026; alta por curación,True
ADM-822f64d2-97d8-5978-8bd8-b4335c55b99e,15,Canton El Chaco,,,canton el chaco,Excel Colección Principal 25-sep-2026; alta por curación,True
ADM-2664c827-36dc-57e3-a2dd-5aa86230c480,19,Cordillera del Condor -RVS El Zarza,,,cordillera del condor rvs el zarza,Excel Colección Principal 25-sep-2026; alta por curación,True
ADM-00ba9ce4-8918-5018-9443-c2fedddfe69f,21,Cantón Gzlo. Pizarro - Río Reventador,,,canton gzlo pizarro rio reventador,Excel Colección Principal 25-sep-2026; alta por curación,True
ADM-8e3fc304-1063-52e3-b672-175339ef6006,22,Río Tiputini 4km W Guiyero,,,rio tiputini 4km w guiyero,Excel Colección Principal 25-sep-2026; alta por curación,True
ADM-2829b02b-ca33-50b7-9a51-85d117b0f245,22,TBS Parque Nacional Yasuní,,,tbs parque nacional yasuni,Excel Colección Principal 25-sep-2026; alta por curación,True
ADM-36382610-cc35-525d-9ddb-65a128ab65b4,19,Cordillera Condor Concesión Sachavaca,,,cordillera condor concesion sachavaca,Excel Colección Principal 25-sep-2026; alta por curación,True
ADM-0d929ce7-0eed-5ac6-ae65-890c8470d91c,19,"Princesa, Río Blanco",,,princesa rio blanco,Excel Colección Principal 25-sep-2026; alta por curación,True
ADM-efc10400-5607-55da-bd5e-97330c4663de,19,"Sachavaca 2, Naranjilla",,,sachavaca 2 naranjilla,Excel Colección Principal 25-sep-2026; alta por curación,True
ADM-bdd17e2d-fcbb-57e5-a74a-3d8c8551c9e8,14,San Isidro Cordillera de Domono Alto,,,san isidro cordillera de domono alto,Excel Colección Principal 25-sep-2026; alta por curación,True
ADM-29efd252-4880-5d91-93eb-e41160ec81a3,14,Parroquia Sinaí Sandinabacu,,,parroquia sinai sandinabacu,Excel Colección Principal 25-sep-2026; alta por curación,True
ADM-9400b123-368b-5fc7-a20a-b7f2b4b55efb,14,"Parque Nacional Sangay, arriba de casa de Ureña",,,parque nacional sangay arriba de casa de urena,Excel Colección Principal 25-sep-2026; alta por curación,True
ADM-53baae2e-903a-529d-8e98-2f2bee44273b,22,PN Yasuní Apaika Sur Bloque 31,,,pn yasuni apaika sur bloque 31,Excel Colección Principal 25-sep-2026; alta por curación,True
ADM-95f6180b-b1c0-5941-880a-549977237abb,22,Bloque 16 NPF,,,bloque 16 npf,Excel Colección Principal 25-sep-2026; alta por curación,True
ADM-bc6c3816-a620-5c7c-bc06-b86c16feaa88,14,Parroquia Zuñac PN Sangay Tinguichaca,,,parroquia zunac pn sangay tinguichaca,Excel Colección Principal 25-sep-2026; alta por curación,True
ADM-ce871096-4e8f-5d62-b92e-cb2468afb3dd,18,Baños San Martín,,,banos san martin,Excel Colección Principal 25-sep-2026; alta por curación,True
ADM-ad8bc86c-cd37-533f-93ea-a723fbd505c4,17,Orb. Mastodontes,,,orb mastodontes,Excel Colección Principal 25-sep-2026; alta por curación,True
ADM-a9c37bdf-e3c5-541b-8b28-88700614c3de,17,Quito Urbanizacion Los Mastodontes,,,quito urbanizacion los mastodontes,Excel Colección Principal 25-sep-2026; alta por curación,True
ADM-3b56c7eb-561a-5d86-84d1-8b2725e6d8ee,22,Parque Nacional Yasuní TBS. Send Guacamayo,,,parque nacional yasuni tbs send guacamayo,Excel Colección Principal 25-sep-2026; alta por curación,True
ADM-cb9ee8b0-3cc0-5f44-bbac-ec5e8fedb6d1,22,Yasuní Est. De Bio. Tiputini,,,yasuni est de bio tiputini,Excel Colección Principal 25-sep-2026; alta por curación,True
ADM-8f4e6960-25cb-53e8-a932-96988a2bfb9c,04,Cantón Espejo- Parroquia la Libertad,,,canton espejo parroquia la libertad,Excel Colección Principal 25-sep-2026; alta por curación,True
ADM-4f0a9dbb-0827-517e-9f6d-10a09109a37f,14,Alshi. Quebrada La Tigrera,,,alshi quebrada la tigrera,Excel Colección Principal 25-sep-2026; alta por curación,True
ADM-ac595920-8e98-5d4e-bd11-05d399632b61,22,Rio Tiputini 4Km W Guiyero (laguna azul),,,rio tiputini 4km w guiyero laguna azul,Excel Colección Principal 25-sep-2026; alta por curación,True
ADM-7b05e4a1-3cf2-5c28-9379-7c3cca95026c,01,Ponce Enrique GABY,,,ponce enrique gaby,Excel Colección Principal 25-sep-2026; alta por curación,True
ADM-12998341-1f67-565c-85fc-6b4104b8cabe,21,Limoncocha-Sendero del Caimán,,,limoncocha sendero del caiman,Excel Colección Principal 25-sep-2026; alta por curación,True
ADM-f9c8109b-3189-5740-a095-695f751447a8,22,Río Aguarico 8km E de Lumbaqui,,,rio aguarico 8km e de lumbaqui,Excel Colección Principal 25-sep-2026; alta por curación,True
ADM-dc3d34d5-fc50-5589-9f85-e76f1aa3e169,21,Cantón-Pañacoha,,,canton panacoha,Excel Colección Principal 25-sep-2026; alta por curación,True
ADM-677e5c70-d0ec-5e04-972a-ce62f2533cb9,15,Papallacta Río Papalli,,,papallacta rio papalli,Excel Colección Principal 25-sep-2026; alta por curación,True
ADM-4e27dcbe-0739-54c8-9203-014a73ee6003,15,Papallacta,QUIJOS,PAPALLACTA,papallacta papallacta,Excel Colección Principal 25-sep-2026; alta por curación,True
ADM-59a048dd-8f3d-5037-9c55-ddb33cab3bdc,04,Cant. Huaca. Parr Mrcal. Sucre Hda La Bretaña,,,cant huaca parr mrcal sucre hda la bretana,Excel Colección Principal 25-sep-2026; alta por curación,True
ADM-b2fcfd1b-47a6-5d83-8d87-445bed1e0598,17,Rio Alambi (Sect. Guarumos OCP),,,rio alambi sect guarumos ocp,Excel Colección Principal 25-sep-2026; alta por curación,True
ADM-d4f062d1-6b7f-5b32-a5c5-910a207336c2,19,Campamento Las PeñasLas Peñas,,,campamento las penaslas penas,Excel Colección Principal 25-sep-2026; alta por curación,True
ADM-78fcb2c4-115a-5c1c-8504-7df3e85cf7ad,17,Quito La Basilica,,,quito la basilica,Excel Colección Principal 25-sep-2026; alta por curación,True
ADM-cb02b514-64a5-5da5-a205-d90ff6804cda,17,Rio Alambi Sector Guarumos,,,rio alambi sector guarumos,Excel Colección Principal 25-sep-2026; alta por curación,True
ADM-2424ebb0-c8f3-5b6c-af57-30e6835f23c6,17,Quito Urbanizacion los Mastodondetes,,,quito urbanizacion los mastodondetes,Excel Colección Principal 25-sep-2026; alta por curación,True
ADM-302d1cbf-46a4-5fbb-b47f-b7ae8a90865a,15,Papallacta Río Papall,,,papallacta rio papall,Excel Colección Principal 25-sep-2026; alta por curación,True
ADM-e3151ca0-f8ec-581d-adeb-0fcc4b5d466f,14,Parroquia Zuñac P.M. Sangay Tinguichada,,,parroquia zunac p m sangay tinguichada,Excel Colección Principal 25-sep-2026; alta por curación,True
ADM-86068f1e-f83c-5763-af4e-286a7909a412,15,Parque Nacional Yasuní TBS,,,parque nacional yasuni tbs,Excel Colección Principal 25-sep-2026; alta por curación,True
ADM-0a7938e2-3bec-5a72-8bcb-7800e9236987,04,El Goalthal,,,el goalthal,Excel Colección Principal 25-sep-2026; alta por curación,True
ADM-ed804e57-f5f6-5425-921f-7032735af4fe,22,PN Yasuni Rio Tiputini Km 32 Bloque 16,,,pn yasuni rio tiputini km 32 bloque 16,Excel Colección Principal 25-sep-2026; alta por curación,True
ADM-a1dc2d2d-0e09-5a0f-9e78-c9f8701479a9,22,P.N Yasuni Chiru Isla Bloque 31,,,p n yasuni chiru isla bloque 31,Excel Colección Principal 25-sep-2026; alta por curación,True
ADM-bcfb5bdf-1488-5961-bd19-0a9a009987e8,22,P.N Yasuni Pimare Bloque 31,,,p n yasuni pimare bloque 31,Excel Colección Principal 25-sep-2026; alta por curación,True
ADM-bed02152-23ca-54a1-8dea-48fd6db8b3b8,15,Consanga Yanayacu,,,consanga yanayacu,Excel Colección Principal 25-sep-2026; alta por curación,True
ADM-65933504-1039-5fa4-960a-cf01a0ec71e3,19,Cordillera del Condor - Fruta del Norte,,,cordillera del condor fruta del norte,Excel Colección Principal 25-sep-2026; alta por curación,True
ADM-05f9fcfe-9112-57b3-ba27-3fe8600fa9f7,19,Cord Condor Concesión Colibri,,,cord condor concesion colibri,Excel Colección Principal 25-sep-2026; alta por curación,True
ADM-29c7b4a5-fe24-5d73-a9d2-c46f08fa1cec,17,Cotocollao,,,cotocollao,Excel Colección Principal 25-sep-2026; alta por curación,True
ADM-5a169d9d-d39c-589b-91b6-3651f969498e,19,Cord Condor Conseción Sachavaca 1,,,cord condor consecion sachavaca 1,Excel Colección Principal 25-sep-2026; alta por curación,True
ADM-850c0dd5-e22d-5a21-87a9-4f18971e2ac6,19,Cord Condor Conseción Colibri,,,cord condor consecion colibri,Excel Colección Principal 25-sep-2026; alta por curación,True
ADM-a5e1c5ec-7070-5143-b00e-0af2a3a07bf7,19,Cord Condor Conseción Sachavaca 2,,,cord condor consecion sachavaca 2,Excel Colección Principal 25-sep-2026; alta por curación,True
ADM-37891012-b064-559e-9f12-94f4231d9cc4,04,Cantón-Bolivar -Río Apaqui,,,canton bolivar rio apaqui,Excel Colección Principal 25-sep-2026; alta por curación,True
ADM-7f69c543-3162-527a-a457-a58e4107b06e,04,Cantón Huaca Prr. Mrcal Sucre Hda La Bretaña,,,canton huaca prr mrcal sucre hda la bretana,Excel Colección Principal 25-sep-2026; alta por curación,True
ADM-1ad2b3fd-543d-53ed-8276-302b94310407,04,Cantón Huaca P. Mariscal Sucre. Rey Guanderas,,,canton huaca p mariscal sucre rey guanderas,Excel Colección Principal 25-sep-2026; alta por curación,True
ADM-665442ac-3bc7-5559-b3d5-122610f19574,01,Ponce Enriquez Gaby,,,ponce enriquez gaby,Excel Colección Principal 25-sep-2026; alta por curación,True
ADM-77550a30-78da-52c6-96b7-26b1f51678dd,14,PN Sangay arriba de casa Ureña,,,pn sangay arriba de casa urena,Excel Colección Principal 25-sep-2026; alta por curación,True
ADM-45cee729-0605-57ee-b77e-8df7ba867025,21,Bermejo Pozo Rayo Bosque Pie Montano,,,bermejo pozo rayo bosque pie montano,Excel Colección Principal 25-sep-2026; alta por curación,True
ADM-87c27142-8e31-5f2e-8d65-84f4177ca721,22,Bloque 31 Cantón Aguarico,,,bloque 31 canton aguarico,Excel Colección Principal 25-sep-2026; alta por curación,True
ADM-8beef202-b7f3-5d8e-b6ca-c82d25869e73,15,Aguarico,,,aguarico,Excel Colección Principal 25-sep-2026; alta por curación,True
ADM-f2fc6f3a-b526-534f-9d15-e0853e2fe29e,16,Arajuno-río Oglan Ceploa Ecuc,,,arajuno rio oglan ceploa ecuc,Excel Colección Principal 25-sep-2026; alta por curación,True
ADM-c31d0301-6155-56a8-bdab-2d9bb7247aa5,21,Río Aguarico bosque. T.F.,,,rio aguarico bosque t f,Excel Colección Principal 25-sep-2026; alta por curación,True
ADM-044779cd-fa80-5024-8ac8-75621f9d088b,08,BP Bilsa,,,bp bilsa,Excel Colección Principal 25-sep-2026; alta por curación,True
ADM-de12e338-dd92-5bd2-9878-908052948c5b,17,Milpe Río Tatala,,,milpe rio tatala,Excel Colección Principal 25-sep-2026; alta por curación,True
ADM-d23b4d17-0559-5735-8ee4-2d34803d5cc8,21,El Chaco,,,el chaco,Excel Colección Principal 25-sep-2026; alta por curación,True
ADM-489ab91a-5017-5db9-96e6-bd4b5916e781,22,Campo Tiguino,,,campo tiguino,Excel Colección Principal 25-sep-2026; alta por curación,True
ADM-45758d98-d07a-5e15-b993-7c0e91c8d5a2,01,Recintos: El retorno Monotona,,,recintos el retorno monotona,Excel Colección Principal 25-sep-2026; alta por curación,True
ADM-f59b1dd8-c2e9-59bf-992c-025a5fabdd11,22,Yasuní Rio Titputini Km 32,,,yasuni rio titputini km 32,Excel Colección Principal 25-sep-2026; alta por curación,True
ADM-7708cec1-daaa-5666-beaf-8653b1269cc3,15,Cosanga-Yanayacu,,,cosanga yanayacu,Excel Colección Principal 25-sep-2026; alta por curación,True
ADM-f4c14411-df57-53d1-befe-14cdafc40923,15,"Baeza, gasolinera",QUIJOS,BAEZA,baeza gasolinera baeza,Excel Colección Principal 25-sep-2026; alta por curación,True
ADM-2022d8d7-0da1-5edc-9691-72baf5061825,22,PN Yasuní Chiru Isla  Bloque 31,,,pn yasuni chiru isla bloque 31,Excel Colección Principal 25-sep-2026; alta por curación,True
ADM-e3046ddf-c6ef-5e7f-9318-54088e987c4d,22,"P.N. Yasuní Bloque 31, Chiru Isla",,,p n yasuni bloque 31 chiru isla,Excel Colección Principal 25-sep-2026; alta por curación,True
ADM-4b8cb5fb-22a3-564f-ba44-aa31c6cc26bf,22,PN. Yasuní PM3 bloque 31,,,pn yasuni pm3 bloque 31,Excel Colección Principal 25-sep-2026; alta por curación,True
ADM-5a5292bc-6333-5781-88b5-c5bd47d1d2dd,14,Parroquia La Paz Cantón Yacuambi. Río Quimi,,,parroquia la paz canton yacuambi rio quimi,Excel Colección Principal 25-sep-2026; alta por curación,True
ADM-663200a5-4cf5-54f3-b243-f6dc6200e796,22,XPF 117 kn vía Pompeya,,,xpf 117 kn via pompeya,Excel Colección Principal 25-sep-2026; alta por curación,True
ADM-3cf22706-6e1b-5d08-b3e7-d1e48b0e9f52,22,Orellana-PN Yasuní,,,orellana pn yasuni,Excel Colección Principal 25-sep-2026; alta por curación,True
ADM-d1862373-152d-5c78-ad34-41679a571be9,21,Tarapoa- Campamento Kupi 4,,,tarapoa campamento kupi 4,Excel Colección Principal 25-sep-2026; alta por curación,True
ADM-bfc2a058-917f-536a-b558-19244040648d,19,Cord Cóndor Concesión Duquesa,,,cord condor concesion duquesa,Excel Colección Principal 25-sep-2026; alta por curación,True
ADM-b077000b-3cdb-5f36-b8d3-d8b251526e5f,22,PN-Yasuní E. Cátolica,,,pn yasuni e catolica,Excel Colección Principal 25-sep-2026; alta por curación,True
ADM-25e4d7b3-3f34-5c53-aa7f-64be01fbe972,22,"EPF bloque 15, Río Pimoyacu",,,epf bloque 15 rio pimoyacu,Excel Colección Principal 25-sep-2026; alta por curación,True
ADM-2d07c270-1e3d-530f-993b-303c513be15a,10,Otavalo 4km vía Mojanda,,,otavalo 4km via mojanda,Excel Colección Principal 25-sep-2026; alta por curación,True
ADM-a3f162bf-eddf-54c5-9976-93aab9e9408c,01,Cuenca Presa El Labrado,,,cuenca presa el labrado,Excel Colección Principal 25-sep-2026; alta por curación,True
ADM-4e1f613f-9767-5986-b9f0-c5a64f2b2645,04,"El Goaltal, Hda. Sn Francisco",ESPEJO,EL GOALTAL,el goaltal hda sn francisco el goaltal,Excel Colección Principal 25-sep-2026; alta por curación,True
ADM-f101fc41-3654-50ff-bb37-a9687d0fa4d1,01,Cuenca,CUENCA,TURI,cuenca turi,Excel Colección Principal 25-sep-2026; alta por curación,True
ADM-b99c6bb9-9515-5bfc-b4de-2ea5a6e66fd6,04,Bloque de Moran,,,bloque de moran,Excel Colección Principal 25-sep-2026; alta por curación,True
ADM-b155c374-7822-5286-aa8a-253d6aa0158a,16,Ciudad de Puyo,,,ciudad de puyo,Excel Colección Principal 25-sep-2026; alta por curación,True
ADM-9a6c22a7-0bb6-5452-9823-a953cd2641a1,14,Macas-P.Hidroabanico,,,macas p hidroabanico,Excel Colección Principal 25-sep-2026; alta por curación,True
ADM-934edb8c-cd20-51ff-a854-6bce07ff0266,04,Bosque Moran,,,bosque moran,Excel Colección Principal 25-sep-2026; alta por curación,True
ADM-dc8ed4f7-01d7-54ba-95f1-564beb5db1b2,19,Cantón Yantaza. La Zarza F13,,,canton yantaza la zarza f13,Excel Colección Principal 25-sep-2026; alta por curación,True
ADM-3707e4ff-40d1-5a69-9a32-10ffbb0a21c7,16,Pillano CPF,,,pillano cpf,Excel Colección Principal 25-sep-2026; alta por curación,True
ADM-c02c2982-66d8-5d21-af08-9021876863e6,10,Urbina a 3 h de la parroquia Guallupe,,,urbina a 3 h de la parroquia guallupe,Excel Colección Principal 25-sep-2026; alta por curación,True
ADM-c402afaf-9719-51fb-a111-1676c6fe7805,19,Cordillera del Condor - Parcera Colibrí,,,cordillera del condor parcera colibri,Excel Colección Principal 25-sep-2026; alta por curación,True
ADM-3f57eeb2-ee0d-5ec7-87f4-22d681ec7cd6,17,Maquipucuna Rio Umachaca,,,maquipucuna rio umachaca,Excel Colección Principal 25-sep-2026; alta por curación,True
ADM-e957a470-2dd5-53bd-8432-64e807a2313b,17,Quito-Cementerio del Bátan,,,quito cementerio del batan,Excel Colección Principal 25-sep-2026; alta por curación,True
ADM-f46349bf-b40f-5c0c-a8d0-637728eccc58,17,Quito-Parque Inglés,,,quito parque ingles,Excel Colección Principal 25-sep-2026; alta por curación,True
ADM-4475a015-df1f-504c-8289-a462657479a1,17,Quito-Parque - Bicentenario,,,quito parque bicentenario,Excel Colección Principal 25-sep-2026; alta por curación,True
ADM-3f0d7f62-198d-5638-a396-b9273a545be1,21,Dorine,CUYABENO,TARAPOA,dorine cuyabeno tarapoa,Excel Colección Principal 25-sep-2026; alta por curación,True
ADM-a65e95b8-55b3-5519-892f-3f3d50041f51,21,Marian Baterry,CUYABENO,AGUAS NEGRAS,marian baterry cuyabeno aguas negras,Excel Colección Principal 25-sep-2026; alta por curación,True
ADM-896e64e4-6533-505e-a811-8bcbcbae7902,21,Estación Marian,CUYABENO,AGUAS NEGRAS,estacion marian cuyabeno aguas negras,Excel Colección Principal 25-sep-2026; alta por curación,True
ADM-bcb32c1a-1c61-516b-aa5d-a597b98192a9,21,Estación MPF,CUYABENO,TARAPOA,estacion mpf cuyabeno tarapoa,Excel Colección Principal 25-sep-2026; alta por curación,True
ADM-0dd88051-7abc-52da-bde5-525d062ea3c9,17,"Quito, EPN",DISTRITO METROPOLITANO DE QUITO,QUITO,quito epn quito quito,Excel Colección Principal 25-sep-2026; alta por curación,True
ADM-b59cd2f2-d2c3-50fd-a605-acb7c82490cc,17,Entrebosques,Nanegalito,,entrebosques nanegalito,Excel Colección Principal 25-sep-2026; alta por curación,True
ADM-5eb52a16-246d-5d64-8c69-289ba2b20470,06,Campus ESPOCH,RIOBAMBA,LICÁN,campus espoch lican,Excel Colección Principal 25-sep-2026; alta por curación,True
ADM-db23fc77-f29c-52f1-b8cd-c61ef47e93af,08,La Ceiba,SAN LORENZO,TULULBÍ (CAB. EN RICAURTE),la ceiba tululbi cab en ricaurte,Excel Colección Principal 25-sep-2026; alta por curación,True
ADM-275e161b-9e37-5fd3-95c5-8ba38815ad5d,08,Cristobal Colon,QUININDÉ,MALIMPIA,cristobal colon malimpia,Excel Colección Principal 25-sep-2026; alta por curación,True
ADM-7dbd068b-cc68-5986-8941-6c9709df457e,01,San Sebastián,,,san sebastian,Excel Colección Principal 25-sep-2026; alta por curación,True
ADM-40b5388a-f028-5c9c-9518-5121fdd3d36b,07,Apartadero,,,apartadero,Excel Colección Principal 25-sep-2026; alta por curación,True
ADM-9bc7befd-1ca8-5c3a-ad43-b921ccea9f6b,01,Sarayunga,,,sarayunga,Excel Colección Principal 25-sep-2026; alta por curación,True
ADM-3c8e4cbf-d6d6-5039-b713-f756f3a29966,09,Empalme,,,empalme,Excel Colección Principal 25-sep-2026; alta por curación,True
ADM-d1b86ffb-bcee-5d52-ba9d-38660614518a,11,Chinchas,,,chinchas,Excel Colección Principal 25-sep-2026; alta por curación,True
ADM-3e24aae7-7f1c-585b-ba64-d71e5cc186f6,09,Cerro Blanco,,,cerro blanco,Excel Colección Principal 25-sep-2026; alta por curación,True
ADM-5dea44f5-dba4-5c25-ad0a-f58c5ef7f1a8,08,Reserva Río Canandé,ELOY ALFARO,SANTO DOMINGO DE ONZOLE,reserva rio canande eloy alfaro santo domingo de onzole,Excel Colección Principal 25-sep-2026; alta por curación,True
ADM-7c78e846-6962-5aaa-87e1-11e8d49d505c,08,Reserva Río Canandé,QUININDÉ,MALIMPIA,reserva rio canande quininde malimpia,Excel Colección Principal 25-sep-2026; alta por curación,True
ADM-73e10fd7-a563-593b-a3a7-4b7608a7bac5,23,19 km SEE Alluriquín,SANTO DOMINGO,ALLURIQUÍN,19 km see alluriquin alluriquin,Excel Colección Principal 25-sep-2026; alta por curación,True
ADM-e9e5f379-1daf-5186-9550-99cf7da6da4f,09,"Reserva Ecológica Manglares Churute, sendero el mate",NARANJAL,NARANJAL,reserva ecologica manglares churute sendero el mate naranjal,Excel Colección Principal 25-sep-2026; alta por curación,True
ADM-a8cb89b1-3f0d-5150-a918-d89656fa2298,13,"Parque Nacional Machalilla, Bola de Oro",PUERTO LÓPEZ,PUERTO LÓPEZ,parque nacional machalilla bola de oro puerto lopez,Excel Colección Principal 25-sep-2026; alta por curación,True
ADM-71b4514f-3bf1-539c-aecc-a51f40a8460f,13,"Parque Nacional Machalilla, Bola de Oro, parte alta",PUERTO LÓPEZ,PUERTO LÓPEZ,parque nacional machalilla bola de oro parte alta puerto lopez,Excel Colección Principal 25-sep-2026; alta por curación,True
ADM-9ec24e91-083f-5d0f-823e-d1d28ccd5ade,07,"Reserva Ecológica Arenillas, Carcabón, Vía a Chacras",ARENILLAS,CARCABÓN,reserva ecologica arenillas carcabon via a chacras carcabon,Excel Colección Principal 25-sep-2026; alta por curación,True
ADM-f009bfdf-680f-5489-8c26-e2be3d8044c3,11,"Reserva Natural Cazaderos, zona baja",ZAPOTILLO,CAZADEROS,reserva natural cazaderos zona baja cazaderos,Excel Colección Principal 25-sep-2026; alta por curación,True
ADM-fa9215f9-94df-5ce8-85c5-3f96f2fa7e31,11,"Reserva Natural Cazaderos, zona alta",ZAPOTILLO,MANGAHURCO,reserva natural cazaderos zona alta mangahurco,Excel Colección Principal 25-sep-2026; alta por curación,True
